,Tweet id,Tweet permalink,Tweet text,time,impressions,engagements,engagement rate,retweets,replies,likes,user profile clicks,url clicks,hashtag clicks,detail expands,permalink clicks,app opens,app installs,follows,email tweet,dial phone,media views,media engagements,promoted impressions,promoted engagements,promoted engagement rate,promoted retweets,promoted replies,promoted likes,promoted user profile clicks,promoted url clicks,promoted hashtag clicks,promoted detail expands,promoted permalink clicks,promoted app opens,promoted app installs,promoted follows,promoted email tweet,promoted dial phone,promoted media views,promoted media engagements,Month
0,1123248255830240000,https://twitter.com/cdntourism/status/1123248255830241281,"Visit #CaveandBasinNHS, one of ðŸ‡¨ðŸ‡¦â€™s most treasured icons. See gorgeous architecture and culture year-round on @ParksCanadaâ€™s discovery tours. https://t.co/QN1Nr7CdGb @BanffNP #ExploreCanada #Tourism https://t.co/3R38QmiROr",2019-04-30 15:30 +0000,870,9,0.0103448275862068,2,0,1,0,0,1,2,0,0,0,0,0,0,3,3,-,-,-,-,-,-,-,-,-,-,-,-,-,-,-,-,-,-,Apr
1,1122885831864320000,https://twitter.com/cdntourism/status/1122885831864328192,Are you a #chocolate lover ðŸ«? Check out #Winnipegâ€™s top chefs as they craft beautiful chocolate creations at #ChocolateFest2019. https://t.co/RK99oDwbCf #ExploreCanada #CulinaryTourism https://t.co/ApD2dYGQt8,2019-04-29 15:30 +0000,1098,11,0.0100182149362477,2,0,4,1,0,0,2,0,0,0,0,0,0,2,2,-,-,-,-,-,-,-,-,-,-,-,-,-,-,-,-,-,-,Apr
2,1121905337207059968,https://twitter.com/cdntourism/status/1121905337207066624,#Yourbudget2019 recognizes the important role that ðŸ‡¨ðŸ‡¦ â€™s tourism industry plays in our economy. This is why the #GoC has announced the creation of a seventh #Econstrategy Table for tourism.,2019-04-26 22:34 +0000,1758,24,0.0136518771331058,5,0,10,2,0,2,5,0,0,0,0,0,0,0,0,-,-,-,-,-,-,-,-,-,-,-,-,-,-,-,-,-,-,Apr
3,1121798719047789952,https://twitter.com/cdntourism/status/1121798719047790592,"Spring into action and discover the top 5 wonders of #springtime in the mountains with @ParksCanada. https://t.co/9KL4fRzfgi #ExploreCanada #Tourism

ðŸ“·: Banff Lake Louise Tourism/Paul Zizka https://t.co/rpF6W5Sx1u",2019-04-26 15:30 +0000,1032,12,0.0116279069767441,2,0,3,1,0,0,5,0,0,0,0,0,0,1,1,-,-,-,-,-,-,-,-,-,-,-,-,-,-,-,-,-,-,Apr
4,1121767496179219968,https://twitter.com/cdntourism/status/1121767496179224577,"@higginbotham_g Our apologies about the link. Here you can find the proper link: https://t.co/gWHO0GIYDX. In addition, the federal tourism strategy will be released this spring. Stay tuned in the coming weeks!",2019-04-26 13:26 +0000,244,13,0.0532786885245901,1,0,3,0,5,0,4,0,0,0,0,0,0,0,0,-,-,-,-,-,-,-,-,-,-,-,-,-,-,-,-,-,-,Apr
5,1121436313012640000,https://twitter.com/cdntourism/status/1121436313012645888,"Have you ever heard of an #iceberg tracker? #NFLD is one of the best places in the world to see icebergs, and it just became easier to find these frosty giants. Learn more: https://t.co/L9uPgBo7JK #ExploreCanada #Tourism https://t.co/jltdOLw6On",2019-04-25 15:30 +0000,1246,22,0.0176565008025682,2,0,6,2,1,0,7,0,0,0,0,0,0,4,4,-,-,-,-,-,-,-,-,-,-,-,-,-,-,-,-,-,-,Apr
6,1121135716900189952,https://twitter.com/cdntourism/status/1121135716900192256,"The time has come to harness the full economic potential of our economyâ€™s tourism sector. Be sure to follow our account to learn about #GoCâ€™s upcoming federal tourism strategy. https://t.co/uVrLc9yBGX
 https://t.co/NS40VtYM54",2019-04-24 19:35 +0000,2003,42,0.0209685471792311,3,1,9,5,16,0,8,0,0,0,0,0,0,0,0,-,-,-,-,-,-,-,-,-,-,-,-,-,-,-,-,-,-,Apr
7,1121073909955209984,https://twitter.com/cdntourism/status/1121073909955219458,"The future of the #tourism sector in #Canada is looking bright. 2018 was a record-breaking year for Canada, with over 21M international tourist arrivals. https://t.co/2YJLXHal7A #ExploreCanada https://t.co/eUgSlM6b8V",2019-04-24 15:30 +0000,29154,410,0.0140632503258558,32,0,112,21,15,6,44,0,0,0,0,0,0,180,180,-,-,-,-,-,-,-,-,-,-,-,-,-,-,-,-,-,-,Apr
8,1120711539009420032,https://twitter.com/cdntourism/status/1120711539009425408,"The #cherryblossoms ðŸŒ¸ are truly beautiful in #Vancouver. Donâ€™t miss your chance to see them at the @OfficialVCBF â€“ this is the final week of the festival. https://t.co/MnDc1eq6jN #ExploreCanada #Tourism

ðŸ“·: Kasumi Kanaya https://t.co/gqYAhWdxQJ",2019-04-23 15:30 +0000,3220,48,0.0149068322981366,6,0,13,4,1,1,9,0,0,0,0,0,0,14,14,-,-,-,-,-,-,-,-,-,-,-,-,-,-,-,-,-,-,Apr
9,1119261978441200000,https://twitter.com/cdntourism/status/1119261978441207809,"Are you hopping around #Barrie this #Easter ðŸ° weekend? Check out these fun, family-friendly Easter events: https://t.co/NdMwsArZXP @tourismbarrie #ExploreCanada #Tourism https://t.co/UWmqYpDHR7",2019-04-19 15:30 +0000,1047,15,0.0143266475644699,2,0,2,1,3,0,5,0,0,0,0,0,0,2,2,-,-,-,-,-,-,-,-,-,-,-,-,-,-,-,-,-,-,Apr
10,1118899616945139968,https://twitter.com/cdntourism/status/1118899616945143808,"Today is #WorldHeritageDay! Visit one of ðŸ‡¨ðŸ‡¦â€™s beautiful World Heritage Sites to celebrate and help bring awareness to important cultural monuments and sites. https://t.co/CUFjdIVqM9 #ExploreCanada #Tourism

ðŸ“·: Banff &amp; Lake Louise Tourism / Paul Zizka Photography https://t.co/Dc1R7QmTKG",2019-04-18 15:30 +0000,1714,27,0.0157526254375729,2,0,10,2,1,4,2,0,0,0,0,0,0,6,6,-,-,-,-,-,-,-,-,-,-,-,-,-,-,-,-,-,-,Apr
11,1118537294087160064,https://twitter.com/cdntourism/status/1118537294087163909,"Explore various iconic locations throughout #Vancouver while enjoying the 13th annual Vancouver Cherry Blossom ðŸŒ¸ Festival. @OfficialVCBF https://t.co/PYT6v0LaXB #ExploreCanada #Tourism 

ðŸ“·: Erica Smith https://t.co/7Aqc6VXN9l",2019-04-17 15:30 +0000,1388,25,0.0180115273775216,4,0,7,0,1,0,4,0,0,0,0,0,0,9,9,-,-,-,-,-,-,-,-,-,-,-,-,-,-,-,-,-,-,Apr
12,1118253998904099968,https://twitter.com/cdntourism/status/1118253998904102912,The 2019 list of best restaurants in #Canada is out! Discover new places to satisfy your appetite this summer across Canada. https://t.co/qEV7xc7MuO @canadasbest100 #ExploreCanada #CulinaryTourism https://t.co/9Oc5xEElmh,2019-04-16 20:45 +0000,1055,17,0.0161137440758293,2,0,1,2,4,3,4,0,0,0,0,0,0,1,1,-,-,-,-,-,-,-,-,-,-,-,-,-,-,-,-,-,-,Apr
13,1118174828765299968,https://twitter.com/cdntourism/status/1118174828765302792,"Satisfy your sweet tooth with this @DestinationCAN Canadian Signature Experience: Enjoy an authentic sugar shack experience year-round at Sucrerie de la Montagne in #QC. https://t.co/zb17fy1KgE #ExploreCanada #Tourism

ðŸ“·: Sucrerie de la Montagne https://t.co/khcMoYdKM0",2019-04-16 15:30 +0000,4522,44,0.00973020787262273,5,0,8,10,6,1,3,0,0,0,0,0,0,11,11,-,-,-,-,-,-,-,-,-,-,-,-,-,-,-,-,-,-,Apr
14,1117812405520739968,https://twitter.com/cdntourism/status/1117812405520740353,Canâ€™t wait for summer to go #surfing? You donâ€™t have to. Visit #NovaScotia for year-round surfing on the Atlantic Ocean. ðŸ„â™€ï¸ ðŸ„â™‚ï¸ @surfnovascotia https://t.co/s0KkMDWtRY #ExploreCanada #Tourism #OnlyInCanada https://t.co/QOu6YhjaGl,2019-04-15 15:30 +0000,1209,18,0.0148883374689826,2,1,5,1,0,3,5,0,0,0,0,0,0,1,1,-,-,-,-,-,-,-,-,-,-,-,-,-,-,-,-,-,-,Apr
15,1116725260567609984,https://twitter.com/cdntourism/status/1116725260567613441,"Re-wine ðŸ· to where it all began and celebrate the Niagara-on-the-Lake appellation this weekend. Enjoy a unique experience that displays Canadian wines and winemakers. https://t.co/Fu4B6qpp7b 

#ExploreCanada #Tourism https://t.co/bf1HlKjDX0",2019-04-12 15:30 +0000,1261,13,0.0103092783505154,2,0,5,0,2,0,4,0,0,0,0,0,0,0,0,-,-,-,-,-,-,-,-,-,-,-,-,-,-,-,-,-,-,Apr
16,1116362909674800000,https://twitter.com/cdntourism/status/1116362909674803200,Are you looking to get in touch with nature? Check out @PointPeleeNP and experience nature like never before. https://t.co/3Vrkj3ACPv @ParksCanada #ExploreCanada #Tourism https://t.co/lwWkwkvLjA,2019-04-11 15:30 +0000,1025,17,0.0165853658536585,2,0,4,2,2,0,4,0,0,0,0,0,0,3,3,-,-,-,-,-,-,-,-,-,-,-,-,-,-,-,-,-,-,Apr
17,1115638132563760000,https://twitter.com/cdntourism/status/1115638132563763201,#DYK that Cabot first landed in #NFLD in 1497 at the site of what is now the town of #Bonavista? Check out this beautiful destination. https://t.co/5KeBhvkJOt #ExploreCanada #Tourism https://t.co/QA2J4acqXh,2019-04-09 15:30 +0000,1199,25,0.0208507089241034,3,0,7,1,1,0,11,0,0,0,0,0,0,2,2,-,-,-,-,-,-,-,-,-,-,-,-,-,-,-,-,-,-,Apr
18,1115275731842550016,https://twitter.com/cdntourism/status/1115275731842551808,"#SportTourism in ðŸ‡¨ðŸ‡¦ plays an important role in growing the economy, accounting for $6.8B spending in 2017. Show your support for the Cdn @NHL teams ðŸ’ &amp; the @Raptors ðŸ€ in the upcoming playoffs. https://t.co/DAVbChpFDE",2019-04-08 15:30 +0000,1457,15,0.0102951269732326,3,0,5,1,0,0,5,0,0,0,0,0,0,1,1,-,-,-,-,-,-,-,-,-,-,-,-,-,-,-,-,-,-,Apr
19,1114188567629240064,https://twitter.com/cdntourism/status/1114188567629246465,"#OnThisDay, we challenge you to go old school and set off on an adventure using a paper map. Discover places unseen and roads untravelled in ðŸ‡¨ðŸ‡¦ and share your findings with us! https://t.co/dJWqYp90r6 #ReadARoadMapDay #ExploreCanada https://t.co/kRqSJDKIEj",2019-04-05 15:30 +0000,1308,10,0.00764525993883792,2,0,3,0,0,0,5,0,0,0,0,0,0,0,0,-,-,-,-,-,-,-,-,-,-,-,-,-,-,-,-,-,-,Apr
20,1113826127309609984,https://twitter.com/cdntourism/status/1113826127309615105,From cold ïƒ  cool ðŸ˜Ž Soak up the warmer #spring weather â˜€ï¸ while enjoying one of your favourite #winter activities in #Whistler. https://t.co/nXWTYaHZRF @GoWhistler #CrossCountrySkiing #ExploreCanada #Tourism https://t.co/MOCVooxjeo,2019-04-04 15:30 +0000,1193,10,0.00838222967309304,2,0,4,1,0,0,1,0,0,0,0,0,0,2,2,-,-,-,-,-,-,-,-,-,-,-,-,-,-,-,-,-,-,Apr
21,1113463751376870016,https://twitter.com/cdntourism/status/1113463751376875524,Itâ€™s #FindARainbowDay! ðŸŒˆ Weâ€™re challenging you to send us your best pic of a #rainbow taken in Canada for a chance to be featured on our channel. Check out this photo for inspiration. #ExploreCanada #Tourism https://t.co/VX1FJceHRo,2019-04-03 15:30 +0000,1412,16,0.0113314447592068,3,1,7,3,2,0,0,0,0,0,0,0,0,0,0,-,-,-,-,-,-,-,-,-,-,-,-,-,-,-,-,-,-,Apr
22,1113118917474610048,https://twitter.com/cdntourism/status/1113118917474611200,"Experience an authentic #dogsledding adventure in #Banff and #LakeLouise, and spend the day feeding and caring for these gorgeous furry friends ðŸ¶. https://t.co/gXhAzEg6Zh #ExploreCanada #Tourism https://t.co/nVtCJxJim5",2019-04-02 16:40 +0000,1474,9,0.00610583446404341,2,1,4,1,1,0,0,0,0,0,0,0,0,0,0,-,-,-,-,-,-,-,-,-,-,-,-,-,-,-,-,-,-,Apr
23,1112738970897639936,https://twitter.com/cdntourism/status/1112738970897649664,"The #GoC is proposing new funding to help communities across ðŸ‡¨ðŸ‡¦ improve their #tourism-related infrastructure, products or experiences. https://t.co/yuoukNj6YL #YourBudget2019 https://t.co/gj4lTaW41b",2019-04-01 15:30 +0000,3959,55,0.0138923970699671,7,1,13,1,12,0,4,0,0,0,0,0,0,17,17,-,-,-,-,-,-,-,-,-,-,-,-,-,-,-,-,-,-,Apr
0,1167482551679790080,https://twitter.com/cdntourism/status/1167482551679799301,"Fun, wacky and extremely talented performers are putting on a show in Woodbine Park at this yearâ€™s #BuskerFestTO. https://t.co/XkjrIBcesC @BuskerFestTO @SeeTorontoNow #ExploreCanada #Tourism",2019-08-30 17:01 +0000,6434,16,0.00248678893378924,5,0,5,0,2,0,4,0,0,0,0,0,0,0,0,-,-,-,-,-,-,-,-,-,-,-,-,-,-,-,-,-,-,Aug
1,1167437195764029952,https://twitter.com/cdntourism/status/1167437195764031488,"The Canadian Experiences Fund, part of the Federal Tourism Growth Strategy, helps improve tourism activities in rural communities. The PohÃ©nÃ©gamook tourism centre will use this funding to develop 95 new campsites. https://t.co/xEcOT60A2f #CdnTourismJobs https://t.co/LdQ2Vb19xa",2019-08-30 14:01 +0000,7086,18,0.0025402201524132,2,0,4,3,0,0,7,0,0,0,0,0,0,2,2,-,-,-,-,-,-,-,-,-,-,-,-,-,-,-,-,-,-,Aug
2,1167097178222929920,https://twitter.com/cdntourism/status/1167097178222936064,"Plan your next adventure! Step back into #Manitobaâ€™s history by going on a #bison safari at @FortWhyteAlive for an up-close encounter youâ€™ve got to see to believe. https://t.co/emc5fXwK71 

#ExploreCanada #Travel #ExploreMB https://t.co/jz3QAyNcbB",2019-08-29 15:30 +0000,7709,39,0.00505902192242833,2,0,8,1,1,0,2,0,0,0,0,0,0,25,25,-,-,-,-,-,-,-,-,-,-,-,-,-,-,-,-,-,-,Aug
3,1166734767720709888,https://twitter.com/cdntourism/status/1166734767720714241,"#DYK you can see the #NorthernLights in Canadaâ€™s National Capital Region? Well â€“ sort of: Check out the free sound and light show on Parliament Hill! https://t.co/sKMGX00OaZ 

@Ottawa_Tourism #ExploreCanada #MyOttawa https://t.co/LaMldc5hQO",2019-08-28 15:30 +0000,16013,128,0.00799350527696246,8,1,16,3,44,4,7,0,0,0,0,0,0,45,45,-,-,-,-,-,-,-,-,-,-,-,-,-,-,-,-,-,-,Aug
4,1166372369121890048,https://twitter.com/cdntourism/status/1166372369121890304,"Enjoy an experience of a lifetime: Go #glamping ðŸ•ï¸ and kayak ðŸ›¶ through the waters with #seaotters in the #VancouverIslands. https://t.co/msgPjcDFdJ

@DestinationCAN @westcoastexped #ExploreCanada #CanadianSignatureExperience https://t.co/6qbXsO4uEM",2019-08-27 15:30 +0000,7029,21,0.00298762270593256,2,0,8,1,1,1,5,0,0,0,0,0,0,3,3,-,-,-,-,-,-,-,-,-,-,-,-,-,-,-,-,-,-,Aug
5,1166002587570710016,https://twitter.com/cdntourism/status/1166002587570716673,"Looking to travel with your furry friend? ðŸ¶ #NewBrunswick is the perfect spot! Dogs ðŸ• are welcome in many outdoor and public spaces, including the #HopewellRocks. https://t.co/LhNmoyV2tL 

#NationalDogDay #ExploreCanada https://t.co/LxcwJ5X4Uz",2019-08-26 15:00 +0000,6684,9,0.00134649910233393,2,0,2,0,1,0,3,0,0,0,0,0,0,1,1,-,-,-,-,-,-,-,-,-,-,-,-,-,-,-,-,-,-,Aug
6,1164922865734619904,https://twitter.com/cdntourism/status/1164922865734623232,"Let the #pride keep on rolling across #Canada. Show your support in #Calgary and join the outburst of love in its communities. ðŸ³ï¸ðŸŒˆ ðŸ‡¨ðŸ‡¦ https://t.co/FrKLYz1Ph1

#YYCPride #ExploreCanada #Tourism #PrideSeason #LoveWins https://t.co/TfNiFe5qJk",2019-08-23 15:30 +0000,7386,20,0.00270782561603032,4,0,4,0,1,0,8,0,0,0,0,0,0,3,3,-,-,-,-,-,-,-,-,-,-,-,-,-,-,-,-,-,-,Aug
7,1164560481056689920,https://twitter.com/cdntourism/status/1164560481056698368,"Celebrate the return of dark skies in northern Canada at the worldâ€™s largest Dark Sky Preserve in #WoodBuffaloNP. 
https://t.co/u0jw2hpGIO @spectacularNWT #DarkSkyFestival #ExploreCanada

ðŸ“·: Bill Braden https://t.co/LJRWW1RIuZ",2019-08-22 15:30 +0000,5699,21,0.00368485699245481,2,0,8,1,2,1,5,0,0,0,0,0,0,2,2,-,-,-,-,-,-,-,-,-,-,-,-,-,-,-,-,-,-,Aug
8,1164198089772730112,https://twitter.com/cdntourism/status/1164198089772732416,"Letâ€™s roll. ðŸš´â™€ï¸ ðŸš´â™‚ï¸

Cycle your way through some of the most beautiful countryside and ocean vistas in the country at @GranFondoPEI. https://t.co/nzdZg0vzsQ
@tourismpei #ExplorePEI #ExploreCanada #Tourism 

ðŸ“·: Glen Strickey https://t.co/b8KVFIORPx",2019-08-21 15:30 +0000,2038,11,0.00539744847890088,1,0,3,1,0,0,2,0,0,0,0,0,0,4,4,-,-,-,-,-,-,-,-,-,-,-,-,-,-,-,-,-,-,Aug
9,1163835680893619968,https://twitter.com/cdntourism/status/1163835680893624320,"Whoâ€™s excited for #FierteCapPride in #Ottawa!? Be loud and proud all week long at community events across the National Capital Region. â¤ï¸ ðŸ§¡ ðŸ’› ðŸ’š ðŸ’™ ðŸ’œ https://t.co/49DaMMPoAf

@FierteCapPride @freetobeme_ca #LGBTQ #MyOttawa #ExploreCanada #prideseason https://t.co/B8VkF7mz5S",2019-08-20 15:30 +0000,5356,45,0.0084017923823749,10,0,17,2,4,1,8,0,0,0,0,0,0,3,3,-,-,-,-,-,-,-,-,-,-,-,-,-,-,-,-,-,-,Aug
10,1163473277555290112,https://twitter.com/cdntourism/status/1163473277555290112,"Plan your next #vacation with golfâ€”and Yukonâ€”in mind. Enjoy picturesque courses in natural surroundings, and donâ€™t be surprised if wildlife ðŸ¦Œ strolls through your game. https://t.co/R1PGb27A44 @TravelYukon #ExploreCanada #Tourism

ðŸ“·: Government of Yukon / Cathie Archbould https://t.co/Fw1B7Thukt",2019-08-19 15:30 +0000,1605,11,0.00685358255451713,2,0,2,2,0,0,4,0,0,0,0,0,0,1,1,-,-,-,-,-,-,-,-,-,-,-,-,-,-,-,-,-,-,Aug
11,1162386142488130048,https://twitter.com/cdntourism/status/1162386142488137730,"Thereâ€™s no better way to celebrate #RollercoasterDay ðŸŽ¢ than with the worldâ€™s fastest, longest and tallest coaster! Take on the new #YukonStriker at #CanadasWonderland. https://t.co/DuawKgjAc8 #ExploreCanada #Tourism https://t.co/jqmKA4wXuV",2019-08-16 15:30 +0000,1934,26,0.0134436401240951,2,0,6,0,2,0,1,0,0,0,0,0,0,15,15,-,-,-,-,-,-,-,-,-,-,-,-,-,-,-,-,-,-,Aug
12,1162072790750650112,https://twitter.com/cdntourism/status/1162072790750650369,Did you miss the start of the @Festivalacadien? No worries! Join thousands of people in the @BaieSainteMarie region today for the closing ceremony. https://t.co/gez78PRnTw #NationalAcadianDay #ExploreCanada https://t.co/0N0NxyLn5S,2019-08-15 18:45 +0000,4760,19,0.00399159663865546,5,0,4,3,2,1,3,0,0,0,0,0,0,1,1,-,-,-,-,-,-,-,-,-,-,-,-,-,-,-,-,-,-,Aug
13,1161661361799219968,https://twitter.com/cdntourism/status/1161661361799225349,".@DawsonCityYukon is the place to be this weekend as the city celebrates #DiscoveryDays, which marks the discovery of #gold at #BonanzaCreek. https://t.co/Ar86Aj9UQQ #ExploreCanada #Tourism

ðŸ“·: Government of Yukon / J. Kennedy https://t.co/z9Z6o34i5T",2019-08-14 15:30 +0000,1640,9,0.00548780487804878,2,0,2,2,1,0,2,0,0,0,0,0,0,0,0,-,-,-,-,-,-,-,-,-,-,-,-,-,-,-,-,-,-,Aug
14,1161298967000499968,https://twitter.com/cdntourism/status/1161298967000506368,"Experience a food lover's dream at #Alberta on the Plate, a brand new festival showcasing the incredible food grown and produced in the beautiful wild rose province. https://t.co/ZsZxVWwhRM @TravelAlberta #ExploreCanada #Tourism https://t.co/Y3lPt6pvbz",2019-08-13 15:30 +0000,2320,17,0.00732758620689655,1,0,2,6,2,0,0,0,0,0,0,0,0,6,6,-,-,-,-,-,-,-,-,-,-,-,-,-,-,-,-,-,-,Aug
15,1160936545290980096,https://twitter.com/cdntourism/status/1160936545290981376,"Up, up and away ðŸŽˆ

Watch hundreds of #hotairballoons fill the sky during the International Balloon Festival in @VilleStJeanRich. https://t.co/zRaQbMrrKm @montgolfieres #ExploreCanada #Tourism https://t.co/NNvEJiZiwo",2019-08-12 15:30 +0000,1706,8,0.00468933177022274,2,0,2,0,1,0,1,0,0,0,0,0,0,2,2,-,-,-,-,-,-,-,-,-,-,-,-,-,-,-,-,-,-,Aug
16,1159872381416029952,https://twitter.com/cdntourism/status/1159872381416038401,Ready to party? Heck yes! @ReginaFolkFest starts today at Victoria Park. Check out well-known Canadian artists along with some new ones you NEED to discover. https://t.co/C42i8i2iU7 #reginaFUNfestival #RFF19 #ExploreCanada #Tourism https://t.co/GfNf3wFMwa,2019-08-09 17:01 +0000,1708,13,0.00761124121779859,2,0,2,1,0,0,5,0,0,0,0,0,0,3,3,-,-,-,-,-,-,-,-,-,-,-,-,-,-,-,-,-,-,Aug
17,1159827026725009920,https://twitter.com/cdntourism/status/1159827026725019648,"The Canadian Experiences Fund was introduced alongside the Federal Tourism Growth Strategy to help smaller communities, like Cumberland County, enhance the tourist experiences they have to offer. https://t.co/HpCoiA2uBH #CdnTourismJobs #ExploreCanada https://t.co/cFtPlfzKbG",2019-08-09 14:01 +0000,1615,13,0.00804953560371517,2,0,3,2,4,0,2,0,0,0,0,0,0,0,0,-,-,-,-,-,-,-,-,-,-,-,-,-,-,-,-,-,-,Aug
18,1159512120486190080,https://twitter.com/cdntourism/status/1159512120486191105,"Looking to travel with your #animals? Put on your thinking #cat ðŸ§¢ðŸ± and check out @TravelGoCâ€™s guidelines to make sure youâ€™re prepared. https://t.co/l4eWX0Fory
@CFIA_Animals #InternationalCatDay #ExploreCanada #Tourism https://t.co/Obl7duJfnh",2019-08-08 17:10 +0000,1699,16,0.00941730429664508,2,0,6,2,2,0,0,0,0,0,0,0,0,4,4,-,-,-,-,-,-,-,-,-,-,-,-,-,-,-,-,-,-,Aug
19,1159486993027510016,https://twitter.com/cdntourism/status/1159486993027518464,"Giddy up! ðŸŽ Itâ€™s time for yaâ€™ll to strap on your boots and get ready for Canadaâ€™s largest country music festival, @BootsandHearts. ðŸ‘¢ðŸŽ¶ https://t.co/DZr2gmgK8N #BootsLife #Boots2019 #ExploreCanada #Tourism https://t.co/zGHcdysmB7",2019-08-08 15:30 +0000,1584,26,0.0164141414141414,2,0,5,1,1,1,2,0,0,0,0,0,0,14,14,-,-,-,-,-,-,-,-,-,-,-,-,-,-,-,-,-,-,Aug
20,1159125105966020096,https://twitter.com/cdntourism/status/1159125105966026753,"Enjoy some #beeronthepier this weekend @SeaportBeerfest, a 2-day event featuring beers and ciders from across Canada and around the world! ðŸ» ðŸ‡¨ðŸ‡¦ https://t.co/7CBMpvRwfK #seaportbeerfest #beerfest #DiscoverHalifax #ExploreCanada #Tourism https://t.co/qYAWwGzZWL",2019-08-07 15:32 +0000,1395,7,0.0050179211469534,2,0,2,0,0,0,1,0,0,0,0,0,0,2,2,-,-,-,-,-,-,-,-,-,-,-,-,-,-,-,-,-,-,Aug
21,1158762233888950016,https://twitter.com/cdntourism/status/1158762233888956416,Celebrate diversity and LGBTQ2 human rights! ðŸ³ï¸ðŸŒˆ https://t.co/iHeGsz4Qph @FierteMTLPride @freetobeme_ca #prideMTL #LGBTQ2 #ExploreCanada #Travel https://t.co/OONctLUTNy,2019-08-06 15:30 +0000,1549,17,0.0109748224661071,2,0,5,2,2,0,0,0,0,0,0,0,0,6,6,-,-,-,-,-,-,-,-,-,-,-,-,-,-,-,-,-,-,Aug
22,1157312711392389888,https://twitter.com/cdntourism/status/1157312711392399362,Whoâ€™s fired up for the weekend? Mix it up a bit with a little unorthodox entertainment and head on down to @SparksStreet for @ottbuskerfest. The fun starts today! ðŸ”¥ ðŸ¤© https://t.co/DgO1NuVCam #ExploreCanada #Tourism https://t.co/a05BN5QGG9,2019-08-02 15:30 +0000,1495,10,0.00668896321070234,4,0,2,1,1,0,0,0,0,0,0,0,0,2,2,-,-,-,-,-,-,-,-,-,-,-,-,-,-,-,-,-,-,Aug
23,1156944848890589952,https://twitter.com/cdntourism/status/1156944848890597376,"#TMW you realize the @osheaga #musicfestival is only 1 day awayâ€¦ ðŸŽ‰ðŸ™ŒðŸŒž https://t.co/A6G2s1dOiI 

@Montreal #ExperienceOsheaga #ExploreCanada #Tourism #MTLmoments #SummerFun https://t.co/WvO8d7Gzlb",2019-08-01 15:08 +0000,1626,9,0.0055350553505535,2,0,3,1,0,0,1,0,0,0,0,0,0,88,2,-,-,-,-,-,-,-,-,-,-,-,-,-,-,-,-,-,-,Aug
0,1101161889533440000,https://twitter.com/cdntourism/status/1101161889533440002,"Today, Minister Joly spoke about the importance of Atlantic #tourism at the @HospitalityNL Conference. @NLtweets #ExploreCanada #ExploreNL #myHNL 
https://t.co/7YIuPjWgHt",2019-02-28 16:47 +0000,2149,29,0.0134946486738017,5,0,21,1,0,0,2,0,0,0,0,0,0,0,0,-,-,-,-,-,-,-,-,-,-,-,-,-,-,-,-,-,-,Feb
1,1100803133784179968,https://twitter.com/cdntourism/status/1100803133784186880,Visit the beautiful #KillarneyPP and discover areas that are only accessible during the #winter months. https://t.co/pvIuXFoRLt @OntarioParks #ExploreCanada #Tourism,2019-02-27 17:01 +0000,2829,15,0.00530222693531283,3,0,3,1,4,2,2,0,0,0,0,0,0,0,0,-,-,-,-,-,-,-,-,-,-,-,-,-,-,-,-,-,-,Feb
2,1100440841464749952,https://twitter.com/cdntourism/status/1100440841464750081,"Only three days remaining! Sample #Halifaxâ€™s delicious culinary masterpieces at #DineAround2019. https://t.co/707QQgoHcy #ExploreCanada #CulinaryTourism

ðŸ“·: @hfxnovascotia https://t.co/fXM55GfJ02",2019-02-26 17:01 +0000,2248,8,0.00355871886120996,2,0,1,0,0,0,5,0,0,0,0,0,0,0,0,-,-,-,-,-,-,-,-,-,-,-,-,-,-,-,-,-,-,Feb
3,1100078421860920064,https://twitter.com/cdntourism/status/1100078421860929536,"Discover some of Canadaâ€™s best musical talent at Saskatoon Blues Festival. Learn more: https://t.co/VJloNMLC0o @Stoonblues 

#ExploreCanada #Saskatooning #Tourism https://t.co/sxHJI4FcZw",2019-02-25 17:01 +0000,1901,25,0.0131509731720147,3,0,2,2,0,0,9,0,0,0,0,0,0,9,9,-,-,-,-,-,-,-,-,-,-,-,-,-,-,-,-,-,-,Feb
4,1099013544673240064,https://twitter.com/cdntourism/status/1099013544673247235,"Spend your weekend tasting wine from across #NovaScotia, along with delicious food pairings from local chefs, at the Nova Scotia #Icewine Festival. https://t.co/12jgeKyHtb #ExploreCanada #CulinaryTourism https://t.co/6yZdtqBtWW",2019-02-22 18:30 +0000,1015,9,0.00886699507389162,2,0,4,0,0,0,3,0,0,0,0,0,0,0,0,-,-,-,-,-,-,-,-,-,-,-,-,-,-,-,-,-,-,Feb
5,1098693198975820032,https://twitter.com/cdntourism/status/1098693198975823873,"Another record year for #Canada! In 2018, 21.1 million international tourists came to our country, surpassing the previous record of 20.9 million established in 2017! https://t.co/gcC6nSR9CS #ExploreCanada #Tourism https://t.co/lGMBBN8Qt9",2019-02-21 21:17 +0000,8480,102,0.0120283018867924,17,1,28,7,6,1,24,0,0,0,0,0,0,18,18,-,-,-,-,-,-,-,-,-,-,-,-,-,-,-,-,-,-,Feb
6,1098620981332050048,https://twitter.com/cdntourism/status/1098620981332058113,"Drawing close to 1M visitors annually, the @MTLenLumiere is one of the largest winter festivals in the world. Check it out: https://t.co/PcYsk89Nkt 

#ExploreCanada #Tourism #MTLenLumiere https://t.co/w0JqpwMSKJ",2019-02-21 16:30 +0000,937,18,0.0192102454642476,1,0,4,1,6,0,3,0,0,0,0,0,0,3,3,-,-,-,-,-,-,-,-,-,-,-,-,-,-,-,-,-,-,Feb
7,1098258597245529984,https://twitter.com/cdntourism/status/1098258597245534208,"Each year, over 13M tourists visit the #Niagara region, which has a significant impact on the economy. See #NiagaraFalls like never before: visit during the #winterseason! https://t.co/nH2XhGX4N3 

#ExploreCanada #Tourism https://t.co/20pdJ98uci",2019-02-20 16:30 +0000,1011,16,0.0158259149357072,3,0,5,1,0,0,7,0,0,0,0,0,0,0,0,-,-,-,-,-,-,-,-,-,-,-,-,-,-,-,-,-,-,Feb
8,1097896198944489984,https://twitter.com/cdntourism/status/1097896198944493568,"Have you been to the new #MegaParc in #QuebecCity? ðŸŽ¢ This must-see attraction is the second-largest indoor #amusementpark in #Canada. https://t.co/Jh9gVSZe5C 

#ExploreCanada #Tourism #QuebecOriginal https://t.co/pKrQrqjZTQ",2019-02-19 16:30 +0000,1482,15,0.0101214574898785,2,0,2,1,2,0,6,0,0,0,0,0,0,2,2,-,-,-,-,-,-,-,-,-,-,-,-,-,-,-,-,-,-,Feb
9,1097542538343379968,https://twitter.com/cdntourism/status/1097542538343387136,Learn about the rich history of the voyageur era and the importance of the French language and culture at the @FDVoyageur in #Manitoba. Check out these photos of Minister Joly taking part in the festivalâ€™s opening events last Friday. https://t.co/6s7FiUCOrI https://t.co/zw00xcRqu0,2019-02-18 17:05 +0000,1016,14,0.0137795275590551,2,0,4,1,1,0,2,0,0,0,0,0,0,4,4,-,-,-,-,-,-,-,-,-,-,-,-,-,-,-,-,-,-,Feb
10,1096484664842329984,https://twitter.com/cdntourism/status/1096484664842338308,"Support local Canadian #breweries and taste over 100 #craftbeers from across #Ontario and #Quebec at @BrewfestOttawa ðŸ». https://t.co/fn3N1g7aaA

#ExploreCanada #Tourism #MyOttawa https://t.co/Z4crqusdP0",2019-02-15 19:01 +0000,2011,22,0.0109398309298856,5,0,6,0,0,1,5,0,0,0,0,0,0,5,5,-,-,-,-,-,-,-,-,-,-,-,-,-,-,-,-,-,-,Feb
11,1096424140901430016,https://twitter.com/cdntourism/status/1096424140901437442,"Itâ€™s #NationalFlagofCanadaDay! ðŸ‡¨ðŸ‡¦ 

Show your love for #Canada by taking a pic with the flag and sharing it using #CanadianFlag and @cdntourism. https://t.co/lW0Vi9KL2R #ExploreCanada #Tourism https://t.co/HR65ox6Ze7",2019-02-15 15:01 +0000,4819,61,0.0126582278481012,8,1,14,5,9,2,12,0,0,0,0,0,0,10,10,-,-,-,-,-,-,-,-,-,-,-,-,-,-,-,-,-,-,Feb
12,1096084292067859968,https://twitter.com/cdntourism/status/1096084292067868672,"#PlasterRock #NB is a hockey playersâ€™ dream as itâ€™s home of the @OfficialWPHC! ðŸ’ Bringing people from around the ðŸŒŽ to play and celebrate the game of #hockey.
https://t.co/huhCQEpwAI

#ExploreCanada #Tourism https://t.co/hrH9XIzsiN",2019-02-14 16:30 +0000,1047,9,0.00859598853868194,1,0,2,1,1,0,2,0,0,0,0,0,0,2,2,-,-,-,-,-,-,-,-,-,-,-,-,-,-,-,-,-,-,Feb
13,1095721884564489984,https://twitter.com/cdntourism/status/1095721884564492289,"Join thousands of visitors and experience one of the worldâ€™s largest #wintercarnivals in #QuebecCity. @CarnavalQc https://t.co/zIYzSCgal0

#ExploreCanada #Tourism #QuebecWinterCarnival

ðŸ“·: Francis Gagnon https://t.co/SbkbcVjmE7",2019-02-13 16:30 +0000,1013,9,0.00888450148075024,1,1,1,0,2,0,4,0,0,0,0,0,0,0,0,-,-,-,-,-,-,-,-,-,-,-,-,-,-,-,-,-,-,Feb
14,1095359476427830016,https://twitter.com/cdntourism/status/1095359476427837442,"Embrace #Yukonâ€™s cold weather at the #YSR2019. This action-packed festival celebrates Yukonâ€™s heritage and has activities the whole family can enjoy. @YukonRendezvous 
https://t.co/44Lvwki45C #ExploreCanada #Tourism",2019-02-12 16:30 +0000,3346,40,0.0119545726240286,8,0,12,3,13,1,3,0,0,0,0,0,0,0,0,-,-,-,-,-,-,-,-,-,-,-,-,-,-,-,-,-,-,Feb
15,1094997083742960000,https://twitter.com/cdntourism/status/1094997083742965762,"Create #winter memories at the @silverskate Festival in #Edmonton. Discover #snowsculptures, winter sports and other activities throughout #hawrelakpark.
https://t.co/MBwCfVIMRm #ExploreCanada

ðŸ“·: Marc J. Chalifoux Photography https://t.co/ZIfSSXxz9i",2019-02-11 16:30 +0000,1966,32,0.0162767039674465,4,0,7,0,0,3,2,0,0,0,0,0,0,16,16,-,-,-,-,-,-,-,-,-,-,-,-,-,-,-,-,-,-,Feb
16,1093925056676269952,https://twitter.com/cdntourism/status/1093925056676270081,"DYK you could #zipline in the #winter? Enjoy a Canadian winter wonderland from a whole new perspective as you soar through the sky in #Whistler. @GoWhistler https://t.co/uWT9ghwbXc #ExploreCanada #Tourism

 ðŸ“·: The Adventure Group / Tourism Whistler https://t.co/CaJGOFZkVw",2019-02-08 17:30 +0000,1490,14,0.00939597315436241,4,2,3,0,1,0,4,0,0,0,0,0,0,0,0,-,-,-,-,-,-,-,-,-,-,-,-,-,-,-,-,-,-,Feb
17,1093554975320470016,https://twitter.com/cdntourism/status/1093554975320477696,"Check out #Winterlude for the first-ever #WinterPride festival! This 5-day winter event recognizes and celebrates the #LGBTQ2 community. @FierteCapPride @CdnHeritage https://t.co/uysQYXsSqM 

#ExploreCanada #Tourism https://t.co/lhDCMrxiLJ",2019-02-07 16:59 +0000,4260,40,0.00938967136150234,6,0,11,4,8,4,2,0,0,0,0,0,0,5,5,-,-,-,-,-,-,-,-,-,-,-,-,-,-,-,-,-,-,Feb
18,1093185167919849984,https://twitter.com/cdntourism/status/1093185167919853568,"Get out and enjoy the #snow! â„ï¸ Go tubing with your friends and family down #PEIâ€™s sliding hill at Brookvale parkâ€™s Nordic Touring Center. @tourismpei https://t.co/eNqOdfEF0p 

#ExploreCanada #ExplorePEI #Tourism https://t.co/51p1xXdKvQ",2019-02-06 16:30 +0000,1192,8,0.00671140939597315,1,0,1,0,1,0,5,0,0,0,0,0,0,0,0,-,-,-,-,-,-,-,-,-,-,-,-,-,-,-,-,-,-,Feb
19,1092822761356080000,https://twitter.com/cdntourism/status/1092822761356083202,"DYK that reservation services for 2019 have opened for some of your fav #parkscanada camping spots? Be sure to reserve yours with the @ParksCanada Reservation Service. https://t.co/QcHBp4Ag18 

#ExploreCanada #Tourism https://t.co/xdhEuk8ORr",2019-02-05 16:30 +0000,2971,18,0.00605856613934702,6,0,6,2,2,0,0,0,0,0,0,0,0,2,2,-,-,-,-,-,-,-,-,-,-,-,-,-,-,-,-,-,-,Feb
20,1092460355903779968,https://twitter.com/cdntourism/status/1092460355903782913,"#Tourism is an important economic driver in #Canada. See where we landed on @RoughGuidesâ€™s most beautiful country in the world blog, as voted on by readers! https://t.co/jf3LFYhjrf #ExploreCanada https://t.co/UsVZC0W4fr",2019-02-04 16:30 +0000,2211,30,0.0135685210312075,6,0,10,2,4,0,4,0,0,0,0,0,0,4,4,-,-,-,-,-,-,-,-,-,-,-,-,-,-,-,-,-,-,Feb
21,1091350952521660032,https://twitter.com/cdntourism/status/1091350952521666560,"Hands up if youâ€™re ready for #Winterlude! ðŸ™‹â€â™‚ï¸ðŸ™‹â€â™€ï¸

This Canadian Signature Experience celebrates ðŸ‡¨ðŸ‡¦â€™s unique weather, culture, culinary diversity and winter #tourism season. https://t.co/lGptWprTuh #ExploreCanada https://t.co/36iBr6aQ6b",2019-02-01 15:01 +0000,2761,36,0.0130387540746106,9,0,9,4,9,0,1,1,0,0,0,0,0,3,3,-,-,-,-,-,-,-,-,-,-,-,-,-,-,-,-,-,-,Feb
0,1091010831461100032,https://twitter.com/cdntourism/status/1091010831461109763,"Do you enjoy #crosscountryskiing? â›·ï¸ Visit #GrosMorne National Park! It has 27 km of groomed trails with ideal temperatures and beautiful scenery. https://t.co/hXceLv0xvU @NLtweets 

#ExploreCanada #ExploreNL #Tourism https://t.co/qgLeFVRwqo",2019-01-31 16:30 +0000,1224,7,0.00571895424836601,2,0,4,1,0,0,0,0,0,0,0,0,0,0,0,-,-,-,-,-,-,-,-,-,-,-,-,-,-,-,-,-,-,Jan
1,1090648447319970048,https://twitter.com/cdntourism/status/1090648447319973889,Savour the taste of Cdn #maplesyrup! #DYK ðŸ‡¨ðŸ‡¦â€™s maple syrup industry accounts for approx. 71% of the worldâ€™s maple syrup? This delicious treat is a #musttry when you #ExploreCanada. https://t.co/286xKG2zKP #Tourism,2019-01-30 16:30 +0000,1831,14,0.00764609503003823,5,0,5,1,2,0,1,0,0,0,0,0,0,0,0,-,-,-,-,-,-,-,-,-,-,-,-,-,-,-,-,-,-,Jan
2,1090286057332130048,https://twitter.com/cdntourism/status/1090286057332133889,"Celebrate the joys of #winter at the FÃªte des neiges de MontrÃ©al at #ParcJeanDrapeau. This outdoor event brings thousands of visitors in search of a unique winter experience. https://t.co/k9HTwt05RO #ExploreCanada #FDN2019

ðŸ“·: @ParcJeanDrapeau https://t.co/c53lzbZI57",2019-01-29 16:30 +0000,1330,5,0.0037593984962406,2,0,1,0,0,2,0,0,0,0,0,0,0,0,0,-,-,-,-,-,-,-,-,-,-,-,-,-,-,-,-,-,-,Jan
3,1089923637036099968,https://twitter.com/cdntourism/status/1089923637036105732,"Itâ€™s the last week of the @WinterFestival! Donâ€™t miss out on ðŸ‡¨ðŸ‡¦â€™s largest illumination festival, which hosts over 1M visitors from around the world annually. https://t.co/KD1ShaINui #ExploreCanada #Tourism #WFOL

ðŸ“·: @ beyond.the.horizon_ (IG) https://t.co/udkSF40mvU",2019-01-28 16:30 +0000,3297,26,0.00788595693054291,2,0,11,0,0,0,1,0,0,0,0,0,0,12,12,-,-,-,-,-,-,-,-,-,-,-,-,-,-,-,-,-,-,Jan
4,1088852770172690048,https://twitter.com/cdntourism/status/1088852770172690434,"Itâ€™s the #NHLAllStarWeekend! ðŸ’ 

Get inspired to perfect your skills on the #odr and show your support for Canadian #hockey teams. @NHL #ExploreCanada #Tourism #Banff #TwoJackLake https://t.co/I2LwYNOgMx",2019-01-25 17:35 +0000,1430,29,0.0202797202797202,2,0,2,2,0,0,21,0,0,0,0,0,0,2,2,-,-,-,-,-,-,-,-,-,-,-,-,-,-,-,-,-,-,Jan
5,1088542137677949952,https://twitter.com/cdntourism/status/1088542137677955074,"Canada welcomed 19.7 million international tourists from January to November 2018, an increase of 1.7% over the same period in 2017. https://t.co/WQw0G6LX9b

#ExploreCanada #Tourism https://t.co/0NoMM2ka3S",2019-01-24 21:00 +0000,1523,21,0.0137885751805646,3,0,3,0,4,0,9,0,0,0,0,0,0,2,2,-,-,-,-,-,-,-,-,-,-,-,-,-,-,-,-,-,-,Jan
6,1088134659555379968,https://twitter.com/cdntourism/status/1088134659555381248,Looking for something new this #winter? Try the unique experience of #icefishing in the area of Red Rock along the shore of #LakeSuperior. https://t.co/pCsddG3ftH #ExploreCanada #Tourism https://t.co/DQzM696IyO,2019-01-23 18:01 +0000,1325,14,0.010566037735849,2,0,3,0,5,0,2,0,0,0,0,0,0,2,2,-,-,-,-,-,-,-,-,-,-,-,-,-,-,-,-,-,-,Jan
7,1087749341484400000,https://twitter.com/cdntourism/status/1087749341484404737,Take in the spectacular surroundings of #lakelouise and see the beautiful #icesculptures by talented ice artists from around the world at the #IceMagicFestival. https://t.co/nq2d5KyThI #ExploreCanada #Tourism https://t.co/KQLAfH9YuN,2019-01-22 16:30 +0000,1537,15,0.00975927130774235,2,0,4,0,3,0,0,0,0,0,0,0,0,6,6,-,-,-,-,-,-,-,-,-,-,-,-,-,-,-,-,-,-,Jan
8,1086299786893049984,https://twitter.com/cdntourism/status/1086299786893058048,"Have you ever seen an #arcticfox? Visit @parc_omega and see this adorable #animal for yourself! https://t.co/6Zc5bVYcRt #ExploreCanada #tourism

ðŸ“·: @gabesimages https://t.co/bhGBzVe6us",2019-01-18 16:30 +0000,1639,28,0.0170835875533862,4,1,7,3,1,0,1,0,0,0,0,0,0,11,11,-,-,-,-,-,-,-,-,-,-,-,-,-,-,-,-,-,-,Jan
9,1085937399040009984,https://twitter.com/cdntourism/status/1085937399040016384,"#DYK #MontmorencyFalls is a full 30 m taller than #NiagaraFalls? This popular tourist attraction is open year-round and close to downtown #QuebecCity. https://t.co/5mJhs0wQKa 

@quebecregion #ExploreCanada #Tourism https://t.co/kMnqhS0Dgx",2019-01-17 16:30 +0000,1302,10,0.00768049155145929,2,1,2,1,1,0,1,0,0,0,0,0,0,2,2,-,-,-,-,-,-,-,-,-,-,-,-,-,-,-,-,-,-,Jan
10,1085574984490249984,https://twitter.com/cdntourism/status/1085574984490250240,"Still have that urge to go camping? â›ºâ„ï¸ 
Visit @BanffNPâ€™s Tunnel Mountain Village II campground open year round and located within 5km of the Town of #Banff. https://t.co/zWoLHTtKue

#WinterCamping #ExploreCanada #Tourism https://t.co/0obfwhOFvH",2019-01-16 16:30 +0000,1408,8,0.00568181818181818,2,0,2,0,0,0,2,0,0,0,0,0,0,2,2,-,-,-,-,-,-,-,-,-,-,-,-,-,-,-,-,-,-,Jan
11,1085212599040509952,https://twitter.com/cdntourism/status/1085212599040516097,"If you havenâ€™t heard yet, it can get a little cold â„ï¸ in #Canada. Make sure you bundle up and wear your warm winter hat when you come and #ExploreCanada.

#NationalHatDay #TravelTuesday #Tourism https://t.co/fiw92JiYdy",2019-01-15 16:30 +0000,1346,8,0.00594353640416047,2,0,3,0,2,0,0,0,0,0,0,0,0,1,1,-,-,-,-,-,-,-,-,-,-,-,-,-,-,-,-,-,-,Jan
12,1084850194661990016,https://twitter.com/cdntourism/status/1084850194661998592,"The worldâ€™s largest #skating rink is open! Check out the historic #RideauCanal in #Ottawa. https://t.co/o3bPm8x7jU

@NCC_Skateway @Ottawa_Tourism @capital_exp #ExploreCanada #Tourism #MyOttawa #CanalMoments https://t.co/IB6OOaZpvy",2019-01-14 16:30 +0000,3036,85,0.0279973649538866,6,0,21,4,3,0,13,0,0,0,1,0,0,37,37,-,-,-,-,-,-,-,-,-,-,-,-,-,-,-,-,-,-,Jan
13,1083857353085209984,https://twitter.com/cdntourism/status/1083857353085210626,"From coast to coast to coast, #tourism is an economic driver in our communities! https://t.co/aaA6GV47hV https://t.co/YgxMzs5Pfg",2019-01-11 22:45 +0000,1855,17,0.0091644204851752,5,1,7,2,1,0,1,0,0,0,0,0,0,0,0,-,-,-,-,-,-,-,-,-,-,-,-,-,-,-,-,-,-,Jan
14,1083852884259859968,https://twitter.com/cdntourism/status/1083852884259864576,https://t.co/PNWoTtxyKP https://t.co/KOllCicsHP,2019-01-11 22:27 +0000,1513,26,0.0171844018506278,5,0,3,2,9,0,7,0,0,0,0,0,0,0,0,-,-,-,-,-,-,-,-,-,-,-,-,-,-,-,-,-,-,Jan
15,1083763070252579968,https://twitter.com/cdntourism/status/1083763070252580864,"#Canada has some of the best #skiing in the world. Come to #JasperNationalPark for world-class conditions on the slopes and #apresski relaxation â›·ï¸. https://t.co/Z87kRtXtW6 

@TourismJasper #ExploreCanada #Tourism #MyJasper https://t.co/u4T9MyT9xu",2019-01-11 16:30 +0000,1566,26,0.0166028097062579,4,1,10,1,3,0,2,0,0,0,0,0,0,5,5,-,-,-,-,-,-,-,-,-,-,-,-,-,-,-,-,-,-,Jan
16,1083400682458300032,https://twitter.com/cdntourism/status/1083400682458304512,Enjoy the #creative and #innovative use of lights at the #WinterLightExhibition at @OntarioPlace. https://t.co/O1Gk9lTaPT #ExploreCanada #Tourism https://t.co/Tkm4EQLzi8,2019-01-10 16:30 +0000,1694,12,0.00708382526564344,4,0,3,1,2,1,0,0,0,0,0,0,0,1,1,-,-,-,-,-,-,-,-,-,-,-,-,-,-,-,-,-,-,Jan
17,1083363124848269952,https://twitter.com/cdntourism/status/1083363124848279552,"Today, Minister Joly is in #NovaScotia to hear from #Canadians about what should be included in ðŸ‡¨ðŸ‡¦â€™s new federal #tourism strategy. #jobs @TourismNS @VisitNovaScotia",2019-01-10 14:01 +0000,2926,24,0.00820232399179767,5,0,8,7,0,1,3,0,0,0,0,0,0,0,0,-,-,-,-,-,-,-,-,-,-,-,-,-,-,-,-,-,-,Jan
18,1083046151409090048,https://twitter.com/cdntourism/status/1083046151409098752,Minister Joly continues her listening tour in #NewBrunswick to talk to YOU about what should be included in ðŸ‡¨ðŸ‡¦â€™s new federal #tourism strategy. #jobs,2019-01-09 17:01 +0000,4361,36,0.00825498738821371,8,2,15,5,0,0,6,0,0,0,0,0,0,0,0,-,-,-,-,-,-,-,-,-,-,-,-,-,-,-,-,-,-,Jan
19,1083038288657689984,https://twitter.com/cdntourism/status/1083038288657694720,"Check out the peaks, glaciers, waterfalls and lakes in @BanffNP, one of the spectacular areas that make up the #CanadianRockies. #Banff #ExploreCanada #Tourism https://t.co/MPve6BjMc2",2019-01-09 16:30 +0000,1647,14,0.00850030358227079,2,0,2,1,0,0,7,0,0,0,0,0,0,2,2,-,-,-,-,-,-,-,-,-,-,-,-,-,-,-,-,-,-,Jan
20,1082675881972240000,https://twitter.com/cdntourism/status/1082675881972244487,Admire the beautiful snow-covered landscape as you leave your mark #snowshoeing in #Gaspesie. https://t.co/TI3IHbsR7a #ExploreCanada #Tourism https://t.co/iln17q7bLf,2019-01-08 16:30 +0000,1455,24,0.0164948453608247,4,1,6,1,0,0,3,0,0,0,0,0,0,9,9,-,-,-,-,-,-,-,-,-,-,-,-,-,-,-,-,-,-,Jan
21,1082313477681820032,https://twitter.com/cdntourism/status/1082313477681827841,"#DYK we had a record-breaking year for #tourism during ðŸ‡¨ðŸ‡¦â€™s 150th? And in the first 9 months of 2018, #Canada welcomed 18.6M international tourists. Letâ€™s keep the momentum going for 2019! https://t.co/ITMzKXSeQc",2019-01-07 16:30 +0000,5011,64,0.0127719018160047,13,0,28,8,1,2,7,0,0,0,0,0,0,5,5,-,-,-,-,-,-,-,-,-,-,-,-,-,-,-,-,-,-,Jan
22,1081226349094840064,https://twitter.com/cdntourism/status/1081226349094846464,"Looking for fun winter activities? Go on a hike in #KejimkujikNP to discover the beautiful stone carvings of the #Mikmaq people. https://t.co/3ppHo3TPwh

#VisitNovaScotia #IndigenousTourism #ExploreCanada https://t.co/zHqBLF07Mn",2019-01-04 16:30 +0000,1407,16,0.0113717128642501,2,1,2,2,1,4,1,0,0,0,0,0,0,3,3,-,-,-,-,-,-,-,-,-,-,-,-,-,-,-,-,-,-,Jan
23,1080863949153799936,https://twitter.com/cdntourism/status/1080863949153800192,The skyâ€™s the limit for the tourism industry in the new year! #DYK #tourism was ðŸ‡¨ðŸ‡¦â€™s #1 service export across the country last year. Letâ€™s keep the momentum going in 2019! https://t.co/9Cy0p0wBnf,2019-01-03 16:30 +0000,19779,169,0.00854441579452955,37,2,60,20,1,4,23,0,0,0,1,0,0,21,21,-,-,-,-,-,-,-,-,-,-,-,-,-,-,-,-,-,-,Jan
24,1080501541138840064,https://twitter.com/cdntourism/status/1080501541138845696,"Make your new yearâ€™s resolution to #ExploreCanada. Over the past 3 years, ðŸ‡¨ðŸ‡¦â€™s #tourism industry has grown at a faster pace than the global average. Be a part of the journey! https://t.co/Ch5DEzqsOr",2019-01-02 16:30 +0000,16452,81,0.0049234135667396,7,0,14,5,0,3,38,0,0,0,0,0,0,14,14,-,-,-,-,-,-,-,-,-,-,-,-,-,-,-,-,-,-,Jan
25,1080116800988290048,https://twitter.com/cdntourism/status/1080116800988295170,Wishing you a happy and healthy new year! Follow our accounts to stay up to date with #ISED in 2019: @ISED_CA @cdnscience @canadabusiness @cdntourism #HappyNewYear https://t.co/5kTjNQMYZ1,2019-01-01 15:01 +0000,1224,14,0.011437908496732,2,0,3,1,0,0,7,0,0,0,0,0,0,1,1,-,-,-,-,-,-,-,-,-,-,-,-,-,-,-,-,-,-,Jan
0,1156620872775549952,https://twitter.com/cdntourism/status/1156620872775557120,"Want to up your jousting game by doing it on a stand-up paddleboard? Check out #SlaveRiverPaddlefest happening this long weekend in Fort Smith, N.W.T. https://t.co/EqXCvZeBZ1 #ExploreCanada #Tourism https://t.co/faKcOcfk7A",2019-07-31 17:41 +0000,1890,20,0.0105820105820105,5,0,7,0,2,0,2,0,0,0,0,0,0,4,4,-,-,-,-,-,-,-,-,-,-,-,-,-,-,-,-,-,-,Jul
1,1156568974030710016,https://twitter.com/cdntourism/status/1156568974030712835,"As part of the Federal Tourism Growth Strategy, the #GoC â€“ through the Canadian Experiences Fund â€“ is supporting community #tourism attractions such as @StJohnsPrideNL. https://t.co/iIDPwbJZxs #CdnTourismJobs #prideandprogress https://t.co/1I39QJz1Dp",2019-07-31 14:15 +0000,1850,26,0.014054054054054,3,0,8,3,4,0,5,0,0,0,0,0,0,3,3,-,-,-,-,-,-,-,-,-,-,-,-,-,-,-,-,-,-,Jul
2,1156225555093680128,https://twitter.com/cdntourism/status/1156225555093688321,"Through the Canadian Experiences Fund, the new Federal Tourism Growth Strategy supports #wintertourism offerings such as #snowmobiling. https://t.co/tBpO63BhRT  
@NBFSC @DestinationCAN #CdnTourismJobs #ExploreCanada https://t.co/ydE5F1yGPC",2019-07-30 15:30 +0000,2214,53,0.0239385727190605,3,0,8,8,22,7,2,0,0,0,0,0,0,3,3,-,-,-,-,-,-,-,-,-,-,-,-,-,-,-,-,-,-,Jul
3,1155855570588610048,https://twitter.com/cdntourism/status/1155855570588618752,"#ICYMI: Earlier this month, #Albertaâ€™s Writing-on-Stone was named a @UNESCO World Heritage Site. Check it out! https://t.co/b1cSysuaSq @TravelAlberta #ExploreCanada #Tourism https://t.co/okQ9doXb8a",2019-07-29 15:00 +0000,1639,14,0.0085417937766931,3,0,4,3,0,0,0,0,0,0,0,0,0,144,4,-,-,-,-,-,-,-,-,-,-,-,-,-,-,-,-,-,-,Jul
4,1154776030328110080,https://twitter.com/cdntourism/status/1154776030328119296,"#WeTheNorthâ€¦ literally. Nothing compares to ðŸ‡¨ðŸ‡¦â€™s territories. Check out these iconic photos we received on Instagram featuring the True North, strong and free. https://t.co/MHwucwrLEX #ImageofCanada https://t.co/1FwFsfDZ2B",2019-07-26 15:30 +0000,1547,28,0.0180995475113122,5,0,12,2,1,0,0,0,0,0,0,0,0,8,8,-,-,-,-,-,-,-,-,-,-,-,-,-,-,-,-,-,-,Jul
5,1154413621432209920,https://twitter.com/cdntourism/status/1154413621432213504,"British Columbia, on Canadaâ€™s West Coast, is a province known for its majestic ðŸ”ï¸. See some incredible pics from #BC that were shared with us on Instagram. https://t.co/3I1RCtIKIi #ImageofCanada https://t.co/cGBLNWXE6w",2019-07-25 15:30 +0000,1733,38,0.0219272937103289,4,0,10,4,2,0,1,0,0,0,0,0,0,17,17,-,-,-,-,-,-,-,-,-,-,-,-,-,-,-,-,-,-,Jul
6,1154051234698909952,https://twitter.com/cdntourism/status/1154051234698915840,"Check out ðŸ‡¨ðŸ‡¦â€™s Prairies and the gateway to the Canadian Rockies. See these stunning pics shared with us on Instagram featuring #Manitoba, #Saskatchewan and #Alberta. https://t.co/IxphhClirV #ImageofCanada https://t.co/RrHWxuV2W7",2019-07-24 15:30 +0000,1529,30,0.0196206671026814,2,1,7,3,2,0,3,0,0,0,0,0,0,12,12,-,-,-,-,-,-,-,-,-,-,-,-,-,-,-,-,-,-,Jul
7,1153688827405479936,https://twitter.com/cdntourism/status/1153688827405488128,"Welcome to Central Canada! Today we are highlighting some of your amazing photos from #Ottawa, #Toronto, #Quebec and #Calabogie. Follow our Instagram page for more! https://t.co/sfvgagTs8R #ImageofCanada https://t.co/2vnPViO0tV",2019-07-23 15:30 +0000,1347,32,0.0237564959168522,3,0,11,2,2,0,2,0,0,0,0,0,0,12,12,-,-,-,-,-,-,-,-,-,-,-,-,-,-,-,-,-,-,Jul
8,1153326401208110080,https://twitter.com/cdntourism/status/1153326401208115200,"A year ago, @cdntourism launched on Twitter. Thank you to our followers and people who tag our account in their photos. Follow us this week to see some of our fave pics weâ€™ve received from across ðŸ‡¨ðŸ‡¦. First up â€“ the Atlantic Region. #ImageofCanada https://t.co/A07HUw7kci",2019-07-22 15:30 +0000,1492,43,0.0288203753351206,4,1,12,11,0,0,2,0,0,0,0,0,0,13,13,-,-,-,-,-,-,-,-,-,-,-,-,-,-,-,-,-,-,Jul
9,1152239309828819968,https://twitter.com/cdntourism/status/1152239309828820999,"Row, row, row your way down to #Regina, #Saskatchewan, and check out the Canadian #DragonBoat Championships. ðŸ‰ ðŸš£â™€ï¸ https://t.co/2gPbpjvS4O @DragonBoatCda #ExploreCanada #Tourism https://t.co/Td9QgwP9zj",2019-07-19 15:30 +0000,1128,12,0.0106382978723404,3,0,4,2,0,0,2,0,0,0,0,0,0,1,1,-,-,-,-,-,-,-,-,-,-,-,-,-,-,-,-,-,-,Jul
10,1151876911360060032,https://twitter.com/cdntourism/status/1151876911360069632,Do you have trouble making decisions when it comes to travel? @spectacularNWT has you covered! Find out which national park in #NWT is your next #dreamvacation. https://t.co/VD3OSPujKr #ExploreCanada #Tourism https://t.co/2Jqm5E2Hd1,2019-07-18 15:30 +0000,931,3,0.00322234156820623,2,0,1,0,0,0,0,0,0,0,0,0,0,0,0,-,-,-,-,-,-,-,-,-,-,-,-,-,-,-,-,-,-,Jul
11,1151526213518840064,https://twitter.com/cdntourism/status/1151526213518843906,"#WorldEmojiDay #ExploreCanadaðŸ‡¨ðŸ‡¦ #Tourism
                      ðŸŽ…

ðŸŒ„ 
            ðŸƒ             â„ï¸
ðŸšž       
       ðŸžï¸                                         ðŸŽ£
              ðŸŒŒ   ðŸ»  ðŸ€  âšœï¸  ðŸ¦ž
                                                  ðŸ„â€â™€ï¸ â›³",2019-07-17 16:16 +0000,1528,47,0.0307591623036649,3,0,19,3,0,3,19,0,0,0,0,0,0,0,0,-,-,-,-,-,-,-,-,-,-,-,-,-,-,-,-,-,-,Jul
12,1151514515953120000,https://twitter.com/cdntourism/status/1151514515953127425,"#Alberta offers year-round #tourism experiences: 
â€¢ The @calgarystampede 
â€¢ An expedition on the Columbia Icefield
â€¢ A wilderness cookout 

Tell us what you fancy. #ExploreCanada https://t.co/aOy8aSUkcB https://t.co/LsoJI1OOfU",2019-07-17 15:30 +0000,1024,14,0.013671875,3,0,4,1,1,0,2,0,0,0,0,0,0,3,3,-,-,-,-,-,-,-,-,-,-,-,-,-,-,-,-,-,-,Jul
13,1151152511136480000,https://twitter.com/cdntourism/status/1151152511136489474,"Itâ€™s Canadaâ€™s Parks Day this Saturday! Join thousands of people in fun, educational, family-friendly events in parks and at historic sites across ðŸ‡¨ðŸ‡¦. https://t.co/OFShA2uNLx @ParksCanada #ExploreCanada #Tourism https://t.co/CGpln2z8rU",2019-07-16 15:32 +0000,1706,26,0.0152403282532239,2,0,9,2,2,0,1,0,0,0,0,0,0,10,10,-,-,-,-,-,-,-,-,-,-,-,-,-,-,-,-,-,-,Jul
14,1150868918044640000,https://twitter.com/cdntourism/status/1150868918044647424,"Thinking about buying a timeshare? Before you sign, get legal advice about your rights and obligations: https://t.co/07woLxIfqf",2019-07-15 20:45 +0000,1081,7,0.0064754856614246,2,0,1,0,4,0,0,0,0,0,0,0,0,0,0,-,-,-,-,-,-,-,-,-,-,-,-,-,-,-,-,-,-,Jul
15,1150789691760920064,https://twitter.com/cdntourism/status/1150789691760926721,"Pride month may be over, but celebrations across ðŸ‡¨ðŸ‡¦ are still going on. The @HalifaxPride Festival kicks off this week, highlighting the unique character and diversity of the community. https://t.co/bl6sKv7N5J #ExploreCanada #Tourism https://t.co/NRiQXUmmGc",2019-07-15 15:30 +0000,1047,12,0.0114613180515759,2,0,6,1,0,0,3,0,0,0,0,0,0,0,0,-,-,-,-,-,-,-,-,-,-,-,-,-,-,-,-,-,-,Jul
16,1149702592588649984,https://twitter.com/cdntourism/status/1149702592588652544,"Whoâ€™s ready to enjoy the outdoors while discovering their next favourite artist? Head over to #BirdsHill Provincial Park to take in the @Winnipegfolk Fest! https://t.co/JtvPC7dWNB #ExploreCanada #FolkFestHappy #Tourism

ðŸ“·1: David Quiring
ðŸ“·2: Matt Duboff https://t.co/4Y2TKxTruT",2019-07-12 15:30 +0000,1306,14,0.010719754977029,2,0,2,1,1,0,1,0,0,0,0,0,0,7,7,-,-,-,-,-,-,-,-,-,-,-,-,-,-,-,-,-,-,Jul
17,1149340190592440064,https://twitter.com/cdntourism/status/1149340190592442370,The Canadian Football League ðŸˆ season has begun! Cheer on your favourite @CFL team as they compete for the chance to play for the #GreyCup. https://t.co/2900LidBvv #ExploreCanada #Tourism https://t.co/0EgquvKIhn,2019-07-11 15:30 +0000,1189,11,0.00925147182506307,3,0,2,0,4,0,1,0,0,0,0,0,0,1,1,-,-,-,-,-,-,-,-,-,-,-,-,-,-,-,-,-,-,Jul
18,1148977776919239936,https://twitter.com/cdntourism/status/1148977776919240704,"Warm weather â˜€ï¸ is perfect for outdoor music festivals ðŸŽ¶. @VisitNovaScotia for the oldest jazz festival and largest summer festival in #AtlanticCanada. https://t.co/ObMDSK2YQi @HFXJazzFest
#ExploreCanada #HJF2019 https://t.co/iw87ODbrbT",2019-07-10 15:30 +0000,1354,9,0.00664697193500738,3,0,1,1,2,0,0,0,0,0,0,0,0,2,2,-,-,-,-,-,-,-,-,-,-,-,-,-,-,-,-,-,-,Jul
19,1148607921472829952,https://twitter.com/cdntourism/status/1148607921472835588,"Happy #NunavutDay! Visit #Nunavut this summer to experience this beautiful part of ðŸ‡¨ðŸ‡¦, try traditional #Inuit food, take in the spectacular scenery and much more. https://t.co/kUVLVif0nD #ExploreCanada #Tourism https://t.co/BQXlbDCpnN",2019-07-09 15:00 +0000,5016,20,0.00398724082934609,5,0,7,1,1,0,1,0,0,0,0,0,0,5,5,-,-,-,-,-,-,-,-,-,-,-,-,-,-,-,-,-,-,Jul
20,1148252963644870016,https://twitter.com/cdntourism/status/1148252963644878849,Yahoo! The @calgarystampede has begun. Grab your hats ðŸ¤  and check out one of the greatest outdoor shows in the world. https://t.co/NEcMY8j9dZ @TourismCalgary #ExploreCanada #Tourism https://t.co/qvIldALUhm,2019-07-08 15:30 +0000,1090,11,0.010091743119266,1,0,4,1,2,0,0,0,0,0,0,0,0,3,3,-,-,-,-,-,-,-,-,-,-,-,-,-,-,-,-,-,-,Jul
21,1147165845057129984,https://twitter.com/cdntourism/status/1147165845057130497,.@ottawabluesfest is celebrating its 25th anniversary! Tell us who youâ€™re most excited to see. https://t.co/CR9gs0ioh4 @Ottawa_Tourism #ExploreCanada #Tourism #MyOttawa https://t.co/Si3On9rMKG,2019-07-05 15:30 +0000,1189,13,0.0109335576114381,2,0,4,1,0,0,0,0,0,0,0,0,0,6,6,-,-,-,-,-,-,-,-,-,-,-,-,-,-,-,-,-,-,Jul
22,1146803456830829952,https://twitter.com/cdntourism/status/1146803456830836736,"Last year, #BC was featured in the @nytimes for having the best Asian food in North America. #CulinaryTourism is growing, and ðŸ‡¨ðŸ‡¦ wants to show the world what we have to offer! https://t.co/r8OBOmtCCz
#CdnTourismJobs #ExploreCanada https://t.co/5AouFtZXku",2019-07-04 15:30 +0000,2428,32,0.0131795716639209,5,0,15,1,4,0,1,0,0,0,0,0,0,6,6,-,-,-,-,-,-,-,-,-,-,-,-,-,-,-,-,-,-,Jul
23,1146441034072749952,https://twitter.com/cdntourism/status/1146441034072756226,"Fill the streets of #Edmonton and celebrate 35 years of bringing the best street performers to the #EdmontonStreetFest. https://t.co/G8sKKiG1kV @YegStreetFest @ExploreEdmonton #ExploreCanada #Tourism

ðŸ“·: Marc J Chalifoux https://t.co/HpZmcnWibV",2019-07-03 15:30 +0000,1158,12,0.0103626943005181,2,0,3,0,1,0,0,0,0,0,0,0,0,6,6,-,-,-,-,-,-,-,-,-,-,-,-,-,-,-,-,-,-,Jul
24,1146078645901040000,https://twitter.com/cdntourism/status/1146078645901045760,"#BCâ€™s wine industry is thriving. In 2017, wineries in BC won more than 2,000 medals in national and international competitions. ðŸ‡¨ðŸ‡¦ wants to build on those assets! https://t.co/cSxGWIwv43 #CulinaryTourism #CdnTourismJobs #ExploreCanada https://t.co/0cMD8Yj2oZ",2019-07-02 15:30 +0000,2470,36,0.0145748987854251,5,0,16,1,4,0,1,0,0,0,0,0,0,9,9,-,-,-,-,-,-,-,-,-,-,-,-,-,-,-,-,-,-,Jul
25,1145693895558339968,https://twitter.com/cdntourism/status/1145693895558344704,"Happy Canada Day! ðŸ‡¨ðŸ‡¦
 
Last year was the best year ever for tourism in #Canada, with over 21M international tourist arrivals. Letâ€™s keep the momentum going for 2019. #ExploreCanada #Tourism https://t.co/HI471ogt1c",2019-07-01 14:01 +0000,3057,45,0.014720314033366,13,0,26,3,0,0,0,0,0,0,0,0,0,3,3,-,-,-,-,-,-,-,-,-,-,-,-,-,-,-,-,-,-,Jul
0,1144629149224400000,https://twitter.com/cdntourism/status/1144629149224407040,"Canada Day weekend is here! 

Letâ€™s celebrate our countryâ€™s self-confident, inclusive and generous spirit. Discover whatâ€™s happening in ðŸ‡¨ðŸ‡¦â€™s capital region. https://t.co/5lSJ4gvYSV
#CdnTourismJobs #ExploreCanada https://t.co/b2PATXfDoU",2019-06-28 15:30 +0000,1726,40,0.0231749710312862,6,0,16,2,3,0,6,0,0,0,0,0,0,7,7,-,-,-,-,-,-,-,-,-,-,-,-,-,-,-,-,-,-,Jun
1,1144266760096530048,https://twitter.com/cdntourism/status/1144266760096534534,Do you have #CanadaDay plans? #ExploreNiagara and celebrate at one of ðŸ‡¨ðŸ‡¦â€™s most iconic destinations. Check out the list of activities the whole family can enjoy. https://t.co/w8MSig819d #ExploreCanada #Tourism https://t.co/XTCxZLcfRK,2019-06-27 15:30 +0000,1450,14,0.0096551724137931,3,0,4,1,1,1,3,0,0,0,0,0,0,1,1,-,-,-,-,-,-,-,-,-,-,-,-,-,-,-,-,-,-,Jun
2,1144241168395490048,https://twitter.com/cdntourism/status/1144241168395493377,"We call your cute baby beaver @ExploreCanada and raise you a cute dog and #beavertail! #CanadaTweetOff
 
ðŸ“·: otisthespokespup (IG) https://t.co/ekbUlDIQL2",2019-06-27 13:48 +0000,1821,25,0.0137287204832509,2,2,6,0,0,1,1,0,0,0,0,0,0,13,13,-,-,-,-,-,-,-,-,-,-,-,-,-,-,-,-,-,-,Jun
3,1143904337330130048,https://twitter.com/cdntourism/status/1143904337330135041,"#DYK ðŸ‡¨ðŸ‡¦ is home to the worldâ€™s largest #jazz festival? Featuring thousands of artists and welcoming around 2M visitors, #MTL is the place to be this week.  https://t.co/hrRjf4lAOc #ExploreCanada #FIJM #MTLMoments https://t.co/AWZZfhD6bq",2019-06-26 15:30 +0000,1433,18,0.0125610607117934,3,0,3,2,1,0,8,0,0,0,0,0,0,1,1,-,-,-,-,-,-,-,-,-,-,-,-,-,-,-,-,-,-,Jun
4,1143541976933049984,https://twitter.com/cdntourism/status/1143541976933052416,#TravelTuesday: Visit the #HopewellRocks in #NewBrunswick to explore the ocean floor during low tide and to kayak during high tide. https://t.co/oEUku2JHOV #ExploreCanada #Tourism https://t.co/uoZgfpnjmU,2019-06-25 15:30 +0000,1322,26,0.0196671709531013,2,0,5,0,0,1,8,0,0,0,0,0,0,10,10,-,-,-,-,-,-,-,-,-,-,-,-,-,-,-,-,-,-,Jun
5,1143179556519640064,https://twitter.com/cdntourism/status/1143179556519649281,"#OnThisDay: Explorer John Cabot discovered the beautiful province of #NewfoundlandandLabrador. Be sure to add this Canadian hot spot to your summer #bucketlist.
https://t.co/FDq3BLylJo #CdnTourismJobs #ExploreCanada https://t.co/hV9R0Q3ifs",2019-06-24 15:30 +0000,1548,18,0.0116279069767441,3,0,4,2,1,0,8,0,0,0,0,0,0,0,0,-,-,-,-,-,-,-,-,-,-,-,-,-,-,-,-,-,-,Jun
6,1142092499873400064,https://twitter.com/cdntourism/status/1142092499873406976,"Itâ€™s #NationalIndigenousPeoplesDay! 1/3 of international visitors want to experience Indigenous culture &amp; traditions. Letâ€™s recognize the heritage of all First Nations, Inuit and MÃ©tis people.  https://t.co/IdrNfJN5bl
#CdnTourismJobs #ExploreCanada https://t.co/kMfahoW5xk",2019-06-21 15:30 +0000,2224,28,0.0125899280575539,4,0,9,1,1,1,4,0,0,0,0,0,0,134,8,-,-,-,-,-,-,-,-,-,-,-,-,-,-,-,-,-,-,Jun
7,1141730045033149952,https://twitter.com/cdntourism/status/1141730045033156608,Put your hands in the air for one of the wildest weekends in #Ottawa. Grab your partner in crime and head to @EscapadeMF to see some of the worldâ€™s best #EDM artists. https://t.co/wcwCdmK0dm #ExploreCanada https://t.co/ZUivLdna3T,2019-06-20 15:30 +0000,1282,15,0.0117004680187207,2,0,2,3,0,0,7,0,0,0,0,0,0,1,1,-,-,-,-,-,-,-,-,-,-,-,-,-,-,-,-,-,-,Jun
8,1141406889105939968,https://twitter.com/cdntourism/status/1141406889105940487,Answer: Shawn Mendes,2019-06-19 18:06 +0000,1080,8,0.0074074074074074,0,0,0,0,0,0,8,0,0,0,0,0,0,0,0,-,-,-,-,-,-,-,-,-,-,-,-,-,-,-,-,-,-,Jun
9,1141367615606130048,https://twitter.com/cdntourism/status/1141367615606132736,"Canada offers many unique experiences year-round, and the new Canadian Experiences Fund empowers #communities to create the best for people visiting our beautiful country. https://t.co/aXseCbUbfL #CdnTourismJobs #ExploreCanada https://t.co/XLUjvgklMj",2019-06-19 15:30 +0000,1840,36,0.0195652173913043,5,0,14,2,4,1,4,0,0,0,0,0,0,6,6,-,-,-,-,-,-,-,-,-,-,-,-,-,-,-,-,-,-,Jun
10,1141006188492009984,https://twitter.com/cdntourism/status/1141006188492013568,Canada is home to many amazing singer-songwriters. Which Grammy-nominated Canadian started a tour that includes multiple stops in Canada? #ExploreCanada #Tourism,2019-06-18 15:34 +0000,1925,33,0.0171428571428571,3,2,1,7,0,0,11,0,0,0,0,0,0,0,0,-,-,-,-,-,-,-,-,-,-,-,-,-,-,-,-,-,-,Jun
11,1140981213806710016,https://twitter.com/cdntourism/status/1140981213806714881,@WayneJeanne @CNN @VisitNovaScotia Thatâ€™s awesome! We hope you have an amazing time. Please tag our account in your photos for a chance to be featured on our channels.,2019-06-18 13:54 +0000,223,13,0.0582959641255605,0,0,0,1,0,0,12,0,0,0,0,0,0,0,0,-,-,-,-,-,-,-,-,-,-,-,-,-,-,-,-,-,-,Jun
12,1140710953488560000,https://twitter.com/cdntourism/status/1140710953488568320,"Do you have any plans this summer â˜€ï¸? Why not head east and visit #NovaScotia, which @CNN recently listed as one of the best 19 places to #travel this summer.https://t.co/vYSj5rwAKe #ExploreCanada #cdntourismjobs https://t.co/HmHPwgrz5P",2019-06-17 20:00 +0000,1812,23,0.0126931567328918,3,1,2,4,0,0,8,0,0,0,0,0,0,5,5,-,-,-,-,-,-,-,-,-,-,-,-,-,-,-,-,-,-,Jun
13,1140703120709820032,https://twitter.com/cdntourism/status/1140703120709824513,Governments conclude successful Canadian Council of Tourism Ministers meeting in #Halifax. https://t.co/7njrp5AyVY #cdntourismjobs https://t.co/glIjUFvTto,2019-06-17 19:29 +0000,2252,80,0.0355239786856127,3,0,7,4,20,3,11,0,0,0,0,0,0,32,32,-,-,-,-,-,-,-,-,-,-,-,-,-,-,-,-,-,-,Jun
14,1139555714102429952,https://twitter.com/cdntourism/status/1139555714102435843,"Appreciate the worldâ€™s largest collection of #QC art at the @mnbaq. The museum holds over 38,000 works that showcase the history of #Quebec art from the 17th century to today. https://t.co/3RmDcv7TbM #ExploreCanada #Tourism https://t.co/uKLw5OnALr",2019-06-14 15:30 +0000,1638,13,0.00793650793650793,2,0,2,1,0,0,0,0,0,0,0,0,0,8,8,-,-,-,-,-,-,-,-,-,-,-,-,-,-,-,-,-,-,Jun
15,1139533508806880000,https://twitter.com/cdntourism/status/1139533508806881280,"Congratulations to the @Raptors on winning the 2019 #NBA Championship!
 
What better time to visit the North and be a part of Canadian history. 

#WeTheNorth #NBAFinals #ExploreCanada #Tourism #WeTheChampions https://t.co/zdLqwh22yu",2019-06-14 14:02 +0000,1702,29,0.0170387779083431,3,0,10,5,0,0,3,0,0,0,0,0,0,146,8,-,-,-,-,-,-,-,-,-,-,-,-,-,-,-,-,-,-,Jun
16,1139193292191600000,https://twitter.com/cdntourism/status/1139193292191608832,"The new Federal Tourism Growth Strategy has 3 economic targets: creating 54,000 jobs by 2025 is one of them.  https://t.co/jJ7WHXGMNJ #CdnTourismJobs #ExploreCanada https://t.co/4QHVQhrHtY",2019-06-13 15:30 +0000,1536,17,0.0110677083333333,3,0,4,4,0,0,0,0,0,0,0,0,0,6,6,-,-,-,-,-,-,-,-,-,-,-,-,-,-,-,-,-,-,Jun
17,1138830900131769984,https://twitter.com/cdntourism/status/1138830900131770368,"With the right policies and investments, #tourism in ðŸ‡¨ðŸ‡¦ has the potential to generate up to $25B in tourism export growth and upwards of 180,000 new jobs by 2030. https://t.co/XLQBEPB1Jd #CdnTourismJobs #ExploreCanada https://t.co/6GfW9FVD97",2019-06-12 15:30 +0000,1772,18,0.010158013544018,4,0,6,3,2,1,1,0,0,0,0,0,0,1,1,-,-,-,-,-,-,-,-,-,-,-,-,-,-,-,-,-,-,Jun
18,1138468516993149952,https://twitter.com/cdntourism/status/1138468516993150977,"#LakeOHara is a #hiddengem ðŸ’Ž beyond compare at Yoho National Park. Plan your visit and experience the gorgeous #views. https://t.co/zdY2hLvbqD @ParksCanada #ExploreCanada #Tourism

ðŸ“·: Sara Tehranian https://t.co/WaLsq3TE6m",2019-06-11 15:30 +0000,1354,17,0.0125553914327917,3,0,7,0,1,1,0,0,0,0,0,0,0,5,5,-,-,-,-,-,-,-,-,-,-,-,-,-,-,-,-,-,-,Jun
19,1138106143350409984,https://twitter.com/cdntourism/status/1138106143350415361,"#DYK Canada is home to the worldâ€™s largest Coca-Cola can? Drive through the city of #PortagelaPrairie, #Manitoba, to see this massive eye-catching piece. https://t.co/FjVif3n4eV #ExploreCanada #Tourism https://t.co/In5StKn5zw",2019-06-10 15:30 +0000,1266,10,0.00789889415481832,2,0,3,0,0,0,1,0,0,0,0,0,0,4,4,-,-,-,-,-,-,-,-,-,-,-,-,-,-,-,-,-,-,Jun
20,1137019009617010048,https://twitter.com/cdntourism/status/1137019009617014784,The new Federal Tourism Growth Strategy is for Canadians who want to express and share with the world their pride in and love for their country and community. Check it out:  https://t.co/Rr0qrC8NVh #CdnTourismJobs #ExploreCanada https://t.co/72mw0Zvc7b,2019-06-07 15:30 +0000,2367,24,0.0101394169835234,7,0,9,1,1,0,5,0,0,0,0,0,0,1,1,-,-,-,-,-,-,-,-,-,-,-,-,-,-,-,-,-,-,Jun
21,1136656607604089984,https://twitter.com/cdntourism/status/1136656607604092929,"Featuring over 300 beers and 30+ breweries and attracting more than 30K visitors, the @FestibieredeGat is the largest beer festival in the region. You donâ€™t want to miss it! https://t.co/KOKIzFbXi3 #ExploreCanada #Tourism https://t.co/RtOwMcSbgU",2019-06-06 15:30 +0000,1319,20,0.0151630022744503,2,0,3,2,3,0,9,0,0,0,0,0,0,1,1,-,-,-,-,-,-,-,-,-,-,-,-,-,-,-,-,-,-,Jun
22,1136332143074909952,https://twitter.com/cdntourism/status/1136332143074914306,"#WinterTourism â„ï¸ in #Canada just got a whole lot cooler! #Calgary will officially host the #XGames in 2020â€“2022, the first time ever theyâ€™ll be held in ðŸ‡¨ðŸ‡¦. https://t.co/QhmlArWSpn #ExploreCanada #Tourism #CdnTourismJobs https://t.co/WC8WeJb3iQ",2019-06-05 18:01 +0000,9397,61,0.00649143343620304,10,0,23,7,3,2,10,0,0,0,0,0,0,6,6,-,-,-,-,-,-,-,-,-,-,-,-,-,-,-,-,-,-,Jun
23,1136294227338509952,https://twitter.com/cdntourism/status/1136294227338518529,".@ParksCanada sites are major tourist attractions, which is why itâ€™s important to protect and manage these natural places. Learn about protecting our parks. https://t.co/sKx7HUTbiO #WorldEnvironmentDay #ExploreCanada https://t.co/jnPGCjrV3E",2019-06-05 15:30 +0000,9549,138,0.0144517750549795,17,2,41,9,7,1,13,0,0,0,0,0,0,48,48,-,-,-,-,-,-,-,-,-,-,-,-,-,-,-,-,-,-,Jun
24,1135931800054880000,https://twitter.com/cdntourism/status/1135931800054882304,#DYK that Canada has a new Federal #Tourism Growth Strategy? Check it out! https://t.co/Lq07PXD3Pb #CdnTourismJobs #ExploreCanada https://t.co/bNSVy7Rj6m,2019-06-04 15:30 +0000,5524,84,0.0152063721940622,13,0,20,6,19,3,3,0,0,0,0,0,0,20,20,-,-,-,-,-,-,-,-,-,-,-,-,-,-,-,-,-,-,Jun
25,1135616929387990016,https://twitter.com/cdntourism/status/1135616929387991045,Let the summer begin in #Yukon. Take advantage of the extended daylight hours across the territory to enjoy countless activities. https://t.co/DJby8QnNQs #ExploreCanada #Tourism https://t.co/32bqTVuzGh,2019-06-03 18:39 +0000,3375,45,0.0133333333333333,8,0,18,5,3,1,3,0,0,0,0,0,0,433,7,-,-,-,-,-,-,-,-,-,-,-,-,-,-,-,-,-,-,Jun
0,1103702297966790016,https://twitter.com/cdntourism/status/1103702297966796802,"#Canada ðŸ‡¨ðŸ‡¦ is breaking world records! Make your way through the worldâ€™s largest #snowmaze â„ï¸ in #StAdolphe, #Manitoba. Congrats to @AMazeInCorn on your @GWR! 

#GWR2019 #ExploreCanada #ExploreMB #Tourism 

ðŸ“·: @AMazeInCorn https://t.co/LkL4nf8Wpr",2019-03-07 17:01 +0000,10690,310,0.0289990645463049,12,0,30,7,13,2,11,0,0,0,0,0,0,235,235,-,-,-,-,-,-,-,-,-,-,-,-,-,-,-,-,-,-,Mar
1,1110572472645090048,https://twitter.com/cdntourism/status/1110572472645099525,"Did you hear? #GoC announced new funding in #YourBudget2019 to create a Canadian Experiences Fund focused on these tourism categories:
âœ… Winter &amp; off-season
âœ… Indigenous
âœ… Inclusiveness
âœ… Rural &amp; remote communities
âœ… Culinary https://t.co/v8odRfC2B6",2019-03-26 16:01 +0000,7715,112,0.0145171743357096,15,2,25,10,2,3,22,0,0,0,1,0,0,32,32,-,-,-,-,-,-,-,-,-,-,-,-,-,-,-,-,-,-,Mar
2,1110935027204999936,https://twitter.com/cdntourism/status/1110935027205005312,"Weâ€™re excited about @DestinationCAN receiving new funding to help #Canadians discover #hiddengems across #Canada. https://t.co/7TAh7RTbJ7 

#YourBudget2019 #ExploreCanada #Tourism https://t.co/eFJUznS9vL",2019-03-27 16:02 +0000,1945,39,0.020051413881748,6,0,16,3,4,0,6,0,0,0,0,0,0,4,4,-,-,-,-,-,-,-,-,-,-,-,-,-,-,-,-,-,-,Mar
3,1102615143349920000,https://twitter.com/cdntourism/status/1102615143349923840,"Have you made it out to the Rideau Canal this year? Lace up those skates â›¸ï¸ and get out there before itâ€™s too late. https://t.co/IDgSGUg9U3 @NCC_Skateway 

#ExploreCanada #Tourism #MyOttawa https://t.co/dtkiIoULbH",2019-03-04 17:01 +0000,1730,27,0.0156069364161849,4,0,13,2,1,0,1,0,0,0,0,0,0,6,6,-,-,-,-,-,-,-,-,-,-,-,-,-,-,-,-,-,-,Mar
4,1109115107592800000,https://twitter.com/cdntourism/status/1109115107592802304,"Whoâ€™s excited for the first ever @OTTCoffeeFest â˜• tomorrow? Sample #coffee from various local roasters, along with treats to perfectly complement it. https://t.co/bGTca9nA9R 

#ExploreCanada #Tourism #MyOttawa https://t.co/RR3fj6i7uh",2019-03-22 15:30 +0000,2457,37,0.015059015059015,5,0,8,8,3,0,9,0,0,0,0,0,0,4,4,-,-,-,-,-,-,-,-,-,-,-,-,-,-,-,-,-,-,Mar
5,1110225205941680000,https://twitter.com/cdntourism/status/1110225205941686273,The #GoC is dedicated to helping the #tourism sector continue to #innovate and grow with new funding proposed in #YourBudget2019. https://t.co/dd2c2sr4ev #ExploreCanada https://t.co/j8bqPf8qri,2019-03-25 17:01 +0000,1535,15,0.00977198697068403,3,0,7,0,4,1,0,0,0,0,0,0,0,0,0,-,-,-,-,-,-,-,-,-,-,-,-,-,-,-,-,-,-,Mar
6,1101528432742220032,https://twitter.com/cdntourism/status/1101528432742227968,.@DestinationCAN has just announced 5 new additions to the Canadian Signature Experiences collection! Which one are you most excited about? https://t.co/zLgTKcDAJo #ExploreCanada #Tourism,2019-03-01 17:03 +0000,2738,29,0.0105916727538349,5,1,7,4,11,1,0,0,0,0,0,0,0,0,0,-,-,-,-,-,-,-,-,-,-,-,-,-,-,-,-,-,-,Mar
7,1111297361454729984,https://twitter.com/cdntourism/status/1111297361454735367,"#YourBudget2019 proposed the establishment of a seventh Economic Strategy Table, one dedicated to #tourism and economic growth &amp; #jobs in the sector. https://t.co/zviTlnS0k1 #EconStrategy https://t.co/KihjVmgLIQ",2019-03-28 16:01 +0000,3464,28,0.00808314087759815,6,0,6,2,6,3,3,0,0,0,0,0,0,2,2,-,-,-,-,-,-,-,-,-,-,-,-,-,-,-,-,-,-,Mar
8,1108390342913600000,https://twitter.com/cdntourism/status/1108390342913601537,"Itâ€™s officially #spring! But you can visit the #SkyPilotSuspensionBridge during any season to enjoy the beautiful 360-degree view. https://t.co/AqUAQJcCKE @seatoskygondola #ExploreCanada #Tourism

ðŸ“·: Tara O'Grady https://t.co/N7PQVm6k7j",2019-03-20 15:30 +0000,939,13,0.0138445154419595,2,0,5,0,0,0,2,0,0,0,0,0,0,4,4,-,-,-,-,-,-,-,-,-,-,-,-,-,-,-,-,-,-,Mar
9,1111659822208950016,https://twitter.com/cdntourism/status/1111659822208958464,"#OnThisDay in 1848, #NiagaraFalls, a popular tourist destination that provides jobs to 33,000 people in the #tourism industry today, ran dry due to major ice blockages. Can you imagine that? https://t.co/ifEoHjh93m #ExploreCanada https://t.co/dva95ea7G6",2019-03-29 16:02 +0000,1272,15,0.0117924528301886,3,0,4,0,2,1,0,0,0,0,0,0,0,5,5,-,-,-,-,-,-,-,-,-,-,-,-,-,-,-,-,-,-,Mar
10,1107665523381319936,https://twitter.com/cdntourism/status/1107665523381321730,"#Sport events in ðŸ‡¨ðŸ‡¦ are important for #Cdntourism as they create #jobs supporting the #middleclass. Follow us to learn more about Minister Jolyâ€™s presence at #SEC19 in #Ottawa. https://t.co/scNbXmnDJ2 

#ExploreCanada #Tourism",2019-03-18 15:30 +0000,983,14,0.0142421159715157,2,0,4,2,0,0,6,0,0,0,0,0,0,0,0,-,-,-,-,-,-,-,-,-,-,-,-,-,-,-,-,-,-,Mar
11,1106586212670800000,https://twitter.com/cdntourism/status/1106586212670803970,"#DYK the #MTLStPaddys parade has been around since 1824? See people, floats, marching bands and performers fill the streets of downtown #MTL on March 17. https://t.co/HAE1vessJZ @uismtl 

#ExploreCanada #Tourism https://t.co/6JFRqp9jtL",2019-03-15 16:01 +0000,1428,32,0.0224089635854341,3,0,4,2,2,2,10,0,0,0,0,0,0,9,9,-,-,-,-,-,-,-,-,-,-,-,-,-,-,-,-,-,-,Mar
12,1102977525666509952,https://twitter.com/cdntourism/status/1102977525666512899,"Donâ€™t go chasing #waterfalls ðŸŽ¶â€¦ Climb them!
Put your adventure skills to the test by scaling up a waterfall in @JasperNP. https://t.co/c2lj7kZIbO 

#ExploreCanada #Tourism #TravelTuesday https://t.co/cUfRcpFjaQ",2019-03-05 17:01 +0000,1136,11,0.00968309859154929,2,0,4,1,0,1,0,0,0,0,0,0,0,3,3,-,-,-,-,-,-,-,-,-,-,-,-,-,-,-,-,-,-,Mar
13,1101588248575510016,https://twitter.com/cdntourism/status/1101588248575516672,#SugarShack season is here! Join thousands of Canadians and tourists at sugar shacks across ðŸ‡¨ðŸ‡¦ for a taste of freshly made Canadian #maplesyrup. Minister Joly was part of the fun making #mapletaffy at this yearâ€™s @FDVoyageur. https://t.co/16xjdvopiQ,2019-03-01 21:01 +0000,1310,19,0.0145038167938931,2,0,4,0,1,0,2,0,0,0,0,0,0,10,10,-,-,-,-,-,-,-,-,-,-,-,-,-,-,-,-,-,-,Mar
14,1108752724710029952,https://twitter.com/cdntourism/status/1108752724710035456,"With all the snow â„ weâ€™ve had, itâ€™s a great time to visit one of ðŸ‡¨ðŸ‡¦â€™s many ski resorts. â›·ï¸ ðŸ‚ https://t.co/riWMr2PyK6 

#ExploreCanada #Tourism #SnowSurfing https://t.co/e4bMFlzTVv",2019-03-21 15:30 +0000,1023,5,0.00488758553274682,1,1,3,0,0,0,0,0,0,0,0,0,0,0,0,-,-,-,-,-,-,-,-,-,-,-,-,-,-,-,-,-,-,Mar
15,1108398213873260032,https://twitter.com/cdntourism/status/1108398213873262592,https://t.co/unfvzWiwJw,2019-03-20 16:01 +0000,1174,11,0.00936967632027257,3,1,3,3,0,0,1,0,0,0,0,0,0,0,0,-,-,-,-,-,-,-,-,-,-,-,-,-,-,-,-,-,-,Mar
16,1105136803546300032,https://twitter.com/cdntourism/status/1105136803546304512,"Itâ€™s #MarchBreak in #Ontario! Discover #museums near you that the whole family can enjoy. https://t.co/fd8Wp4SAmh @museumsontario 

#MuseumsOntario #ExploreCanada #Tourism https://t.co/z5zYiKWPxh",2019-03-11 16:02 +0000,1357,9,0.00663227708179808,3,0,3,1,0,0,1,0,0,0,0,0,0,1,1,-,-,-,-,-,-,-,-,-,-,-,-,-,-,-,-,-,-,Mar
17,1103340128595069952,https://twitter.com/cdntourism/status/1103340128595070981,"Experience an adventure like none other gazing up at the beautiful #northernlights as you #snowmobile in Newfoundland and Labrador. https://t.co/oM15zrW18S 

#ExploreCanada #ExploreNL #Tourism https://t.co/yHjqmxJ1X8",2019-03-06 17:02 +0000,1085,13,0.0119815668202764,2,0,3,2,3,1,0,0,0,0,0,0,0,2,2,-,-,-,-,-,-,-,-,-,-,-,-,-,-,-,-,-,-,Mar
18,1108428206292579968,https://twitter.com/cdntourism/status/1108428206292586497,https://t.co/MBJRdUNzVW,2019-03-20 18:00 +0000,971,4,0.00411946446961894,1,0,2,1,0,0,0,0,0,0,0,0,0,0,0,-,-,-,-,-,-,-,-,-,-,-,-,-,-,-,-,-,-,Mar
19,1108413147466160000,https://twitter.com/cdntourism/status/1108413147466162177,https://t.co/LbzdTseRGx,2019-03-20 17:01 +0000,891,4,0.00448933782267115,2,0,2,0,0,0,0,0,0,0,0,0,0,0,0,-,-,-,-,-,-,-,-,-,-,-,-,-,-,-,-,-,-,Mar
20,1108027916074530048,https://twitter.com/cdntourism/status/1108027916074532864,"Get up close and personal with Canadian #birds while exploring #MontTremblantâ€™s more than 25 km of winter walking trails. https://t.co/i8d1F3aKuS @TMontTremblant 

#ExploreCanada #FindYourTrail #Tourism https://t.co/21mubhzbfc",2019-03-19 15:30 +0000,1009,6,0.00594648166501486,2,0,2,0,0,0,0,0,0,0,0,0,0,2,2,-,-,-,-,-,-,-,-,-,-,-,-,-,-,-,-,-,-,Mar
21,1106223884632800000,https://twitter.com/cdntourism/status/1106223884632801280,"Enjoy the perfect aprÃ¨s-ski event this weekend at the #Brewski festival in #LakeLouise and sample delicious #craftbeers ðŸ» from local Canadian breweries. https://t.co/81n32rJnq6 

#ExploreCanada #Tourism https://t.co/DJpvUACKqJ",2019-03-14 16:01 +0000,869,8,0.00920598388952819,2,0,2,1,1,1,0,0,0,0,0,0,0,1,1,-,-,-,-,-,-,-,-,-,-,-,-,-,-,-,-,-,-,Mar
22,1105499054119800064,https://twitter.com/cdntourism/status/1105499054119809024,"Shhh ðŸ¤«, the movie is starting! Check out the final week of the #Kamloops #FilmFestival, featuring #Oscar-nominated and #BC adventure films. https://t.co/1mH4h809Uf @TourismKamloops 

#ExploreKamloops #ExploreCanada #Tourism https://t.co/YAZ6LKuI2I",2019-03-12 16:01 +0000,984,7,0.00711382113821138,2,0,2,1,0,0,1,0,0,0,0,0,0,1,1,-,-,-,-,-,-,-,-,-,-,-,-,-,-,-,-,-,-,Mar
23,1108435600972130048,https://twitter.com/cdntourism/status/1108435600972136448,https://t.co/al27z9fQ8p,2019-03-20 18:30 +0000,1120,4,0.00357142857142857,2,0,1,0,0,0,1,0,0,0,0,0,0,0,0,-,-,-,-,-,-,-,-,-,-,-,-,-,-,-,-,-,-,Mar
24,1108414178472189952,https://twitter.com/cdntourism/status/1108414178472198147,https://t.co/WgT4iQCRnS,2019-03-20 17:05 +0000,790,2,0.00253164556962025,1,0,1,0,0,0,0,0,0,0,0,0,0,0,0,-,-,-,-,-,-,-,-,-,-,-,-,-,-,-,-,-,-,Mar
25,1105863603951779968,https://twitter.com/cdntourism/status/1105863603951788032,Spend the night in true Canadian winter fashion at the #HoteldeGlace in #QuebecCity. Are you up for this once-in-a-lifetime experience? https://t.co/Di0t5s4KiQ @DestinationCAN,2019-03-13 16:10 +0000,819,6,0.00732600732600732,1,0,1,0,1,0,2,0,0,0,0,0,0,0,0,-,-,-,-,-,-,-,-,-,-,-,-,-,-,-,-,-,-,Mar
26,1104064654718969984,https://twitter.com/cdntourism/status/1104064654718971905,"#DYK: From 2007 to 2014, there were more women-led #SMEs in the #tourism sector than the average of all industries. See how the #GoC can help your woman-led business succeed: https://t.co/nOeOI1SNBy #IWD2019 https://t.co/vDz5VjB2Ho",2019-03-08 17:01 +0000,1830,12,0.00655737704918032,4,0,1,1,3,0,2,0,0,0,0,0,0,1,1,-,-,-,-,-,-,-,-,-,-,-,-,-,-,-,-,-,-,Mar
27,1104034279175129984,https://twitter.com/cdntourism/status/1104034279175139329,"#DYK that women lead the workforce in 3 of the 5 subsectors of #tourism in ðŸ‡¨ðŸ‡¦: travel services (70.7%), accommodations (60.3%), and food &amp; beverage (57.7%). Learn how the #GoC can help your women-led #biz: https://t.co/PSEItIovdp #IWD2019",2019-03-08 15:00 +0000,984,6,0.00609756097560975,2,0,1,0,3,0,0,0,0,0,0,0,0,0,0,-,-,-,-,-,-,-,-,-,-,-,-,-,-,-,-,-,-,Mar
28,1101529060306569984,https://twitter.com/cdntourism/status/1101529060306575366,@AlbertaFoodTour @BattleHarbour @AdventureCanada @AuroraVillage @gofurtherbc,2019-03-01 17:06 +0000,918,3,0.00326797385620915,1,0,1,1,0,0,0,0,0,0,0,0,0,0,0,-,-,-,-,-,-,-,-,-,-,-,-,-,-,-,-,-,-,Mar
0,1134520768132499968,https://twitter.com/cdntourism/status/1134520768132501505,ðŸš¨ #MustSee experience! The floe edge wildlife basecamp is perfect for outdoor enthusiasts craving a one-of-a-kind adventure. https://t.co/rWxzdXm6rB @DestinationCAN @GoBlackFeather #ExploreCanada #Tourism https://t.co/tyoDoWwzK9,2019-05-31 18:03 +0000,1453,20,0.013764624913971,3,0,4,2,4,0,3,0,0,0,0,0,0,4,4,-,-,-,-,-,-,-,-,-,-,-,-,-,-,-,-,-,-,May
1,1134459712265750016,https://twitter.com/cdntourism/status/1134459712265752577,"After getting input from Canadians across the country, Minister Joly has unveiled the new Federal Tourism Growth Strategy. Have a look: https://t.co/0mFwOu59b8
#CdnTourismJobs #ExploreCanada https://t.co/gOiIhunFNx",2019-05-31 14:00 +0000,4047,70,0.0172967630343464,3,1,21,6,14,0,18,0,0,0,1,0,0,6,6,-,-,-,-,-,-,-,-,-,-,-,-,-,-,-,-,-,-,May
2,1134110861356870016,https://twitter.com/cdntourism/status/1134110861356875778,History has been made ðŸ€. Experience the electrifying crowds in Toronto as the @Raptors get ready for the #NBAFinals. https://t.co/MuFjkjaRrc #ExploreCanada #WeTheNorth https://t.co/9eddZgxSJL,2019-05-30 14:54 +0000,1726,18,0.0104287369640787,2,0,2,2,2,0,1,0,0,0,0,0,0,9,9,-,-,-,-,-,-,-,-,-,-,-,-,-,-,-,-,-,-,May
3,1133757522135920000,https://twitter.com/cdntourism/status/1133757522135924737,Inclusive #tourism in ðŸ‡¨ðŸ‡¦ is a primary focus of the new Tourism Growth Strategy. Celebrate diversity with @PrideWinnipeg this week through an array of events. https://t.co/p7rVy8WyI5 #ExploreCanada #cdntourismjobs https://t.co/MljxC2imx5,2019-05-29 15:30 +0000,6145,48,0.00781122864117168,6,0,16,3,4,0,7,0,0,0,0,0,0,12,12,-,-,-,-,-,-,-,-,-,-,-,-,-,-,-,-,-,-,May
4,1133395116104780032,https://twitter.com/cdntourism/status/1133395116104781824,ðŸš¨ #HiddenGem alert! @VisitGrey County in #Ontario to discover a gorgeous hidden #waterfall. https://t.co/USY3hUDpWM #HoggsFalls #ExploreCanada #Tourism https://t.co/WtC2FaruTa,2019-05-28 15:30 +0000,2193,41,0.0186958504331965,6,0,14,1,1,2,0,0,0,0,0,0,0,17,17,-,-,-,-,-,-,-,-,-,-,-,-,-,-,-,-,-,-,May
5,1133032667484700032,https://twitter.com/cdntourism/status/1133032667484704770,Itâ€™s #TourismWeek2019 and international #tourism professionals are meeting at @Rendez_VousCAN in #Toronto. https://t.co/4FKaeh4zIn #RVC2019 #ExploreCanada,2019-05-27 15:30 +0000,5001,58,0.0115976804639072,15,0,22,4,12,2,3,0,0,0,0,0,0,0,0,-,-,-,-,-,-,-,-,-,-,-,-,-,-,-,-,-,-,May
6,1131968413327330048,https://twitter.com/cdntourism/status/1131968413327331329,"Discover some of ðŸ‡¨ðŸ‡¦â€™s famous attractions from a new perspective during #winter. See #frozenfalls, the worldâ€™s largest #snowmaze, #icehotels and more. https://t.co/ldlR5dQLA4 #cdntourismjobs https://t.co/pr0tSWKJNj",2019-05-24 17:01 +0000,1314,7,0.00532724505327245,2,0,1,0,0,0,3,0,0,0,0,0,0,1,1,-,-,-,-,-,-,-,-,-,-,-,-,-,-,-,-,-,-,May
7,1131923192401069952,https://twitter.com/cdntourism/status/1131923192401072128,Time to take the road less travelled. #Canada has so much to offer outside our busy cities! Explore every corner of ðŸ‡¨ðŸ‡¦. Find out more: https://t.co/mO5nzN5IQf #cdntourismjobs https://t.co/gi3W7bvsIC,2019-05-24 14:01 +0000,1446,13,0.00899031811894882,4,0,3,0,3,0,1,0,0,0,0,0,0,2,2,-,-,-,-,-,-,-,-,-,-,-,-,-,-,-,-,-,-,May
8,1131757571193200000,https://twitter.com/cdntourism/status/1131757571193200640,LIVE: Min. Joly at @bcchamberofcom AGM | EN DIRECT: La ministre Joly Ã  @bcchamberofco https://t.co/tXNlBRJaNP,2019-05-24 03:03 +0000,2475,31,0.0125252525252525,5,0,5,1,10,0,10,0,0,0,0,0,0,0,0,-,-,-,-,-,-,-,-,-,-,-,-,-,-,-,-,-,-,May
9,1131623381714060032,https://twitter.com/cdntourism/status/1131623381714067456,"To help communities across ðŸ‡¨ðŸ‡¦, the #GoC has created the Canadian Experiences Fund to improve tourism-related infrastructure, products and experiences. https://t.co/0aoT5EMbBR #ExploreCanada #cdntourismjobs https://t.co/UtBLHho7yk",2019-05-23 18:10 +0000,2628,54,0.0205479452054794,5,0,10,2,22,6,2,0,0,0,0,0,0,7,7,-,-,-,-,-,-,-,-,-,-,-,-,-,-,-,-,-,-,May
10,1131556658663100032,https://twitter.com/cdntourism/status/1131556658663100416,"#DYK that 1/3 of visitors to ðŸ‡¨ðŸ‡¦ are interested in authentic #IndigenousTourism experiences? Along with @ITAC_corporate, we will help share Canadaâ€™s Indigenous history and cultures with the world. https://t.co/PBozOCZLwN #ExploreCanada #cdntourismjobs https://t.co/2NgFy9DPzg",2019-05-23 13:45 +0000,1528,21,0.0137434554973822,4,0,10,1,3,0,1,0,0,0,0,0,0,2,2,-,-,-,-,-,-,-,-,-,-,-,-,-,-,-,-,-,-,May
11,1131286175296169984,https://twitter.com/cdntourism/status/1131286175296172033,LIVE: Min. Joly talks #IndigenousTourism in #WPG | EN DIRECT: Min. Joly parle de #tourismeautochtone Ã  WPG https://t.co/opnI6NorXI,2019-05-22 19:50 +0000,1839,13,0.00706905927134312,2,0,7,0,3,0,1,0,0,0,0,0,0,3,0,-,-,-,-,-,-,-,-,-,-,-,-,-,-,-,-,-,-,May
12,1131248808728440064,https://twitter.com/cdntourism/status/1131248808728440838,"#LGBTQtourism will grow through investments in large and small #pride ðŸŒˆ events. ðŸ‡¨ðŸ‡¦ is a diverse, safe and inclusive country. https://t.co/orX4QJ7Tnu @PrideToronto @vancouverpride @FierteMTLPride #ExploreCanada #cdntourismjobs https://t.co/cXvM3v57Fc",2019-05-22 17:21 +0000,4033,58,0.0143813538308951,8,0,13,5,13,0,4,0,0,0,0,0,0,15,15,-,-,-,-,-,-,-,-,-,-,-,-,-,-,-,-,-,-,May
13,1131186477201789952,https://twitter.com/cdntourism/status/1131186477201797121,LIVE: Min. Joly at #LGBTQ2 event in #Toronto | EN DIRECT: Min. Joly Ã  un Ã©vÃ©nement LGBTQ2 Ã  Toronto https://t.co/V4pFolCoTK,2019-05-22 13:14 +0000,3599,99,0.027507641011392,10,0,15,3,28,1,42,0,0,0,0,0,0,0,0,-,-,-,-,-,-,-,-,-,-,-,-,-,-,-,-,-,-,May
14,1131179186243229952,https://twitter.com/cdntourism/status/1131179186243231744,"#Canada offers a wide variety of homegrown and homemade food &amp; beverages. #GoC supporting #culinarytourism, like @grangewinery in @PECOntario, which is bringing fresh from the farm brewing to the market. #ExploreCanada #cdntourismjobs https://t.co/YmsuNNKqnK",2019-05-22 12:45 +0000,1195,21,0.0175732217573221,3,0,10,2,1,1,2,0,0,0,0,0,0,2,2,-,-,-,-,-,-,-,-,-,-,-,-,-,-,-,-,-,-,May
15,1130873470026429952,https://twitter.com/cdntourism/status/1130873470026432513,"#Canadaâ€™s #tourism strategy sets 3 ambitious, but achievable, economic targets. https://t.co/mQShzxGGpI #cdntourismjobs https://t.co/ZRQJgUQI4f",2019-05-21 16:30 +0000,4335,29,0.00668973471741637,9,1,8,0,2,0,1,0,0,0,0,0,0,8,8,-,-,-,-,-,-,-,-,-,-,-,-,-,-,-,-,-,-,May
16,1130860828918460032,https://twitter.com/cdntourism/status/1130860828918468608,#Canadaâ€™s #tourism strategy will grow and diversify the sector by helping businesses enhance and develop experiences that attract tourists year round. https://t.co/Xoub2aZiOJ #ExploreCanada #cdntourismjobs https://t.co/chfPQGBuE3,2019-05-21 15:40 +0000,3127,47,0.0150303805564438,7,0,13,1,18,0,3,0,0,0,0,0,0,5,5,-,-,-,-,-,-,-,-,-,-,-,-,-,-,-,-,-,-,May
17,1130821827448720000,https://twitter.com/cdntourism/status/1130821827448725504,The future is bright for #tourism in #Canada! Minister Joly unveils new Federal Tourism Growth Strategy. https://t.co/BuToeGcjUl #ExploreCanada #cdntourismjobs https://t.co/x3QZC2z6Og,2019-05-21 13:05 +0000,39373,1542,0.0391638940390623,58,15,138,69,181,37,134,1,0,0,2,0,0,24208,907,-,-,-,-,-,-,-,-,-,-,-,-,-,-,-,-,-,-,May
18,1130504008219670016,https://twitter.com/cdntourism/status/1130504008219672577,Itâ€™s time to unlock #Canadaâ€™s potential to drive economic growth &amp; create middle class #jobs in the #tourism sector in all regions of ðŸ‡¨ðŸ‡¦. #ExploreCanada #cdntourismjobs,2019-05-20 16:02 +0000,1235,26,0.0210526315789473,2,0,13,4,0,1,6,0,0,0,0,0,0,0,0,-,-,-,-,-,-,-,-,-,-,-,-,-,-,-,-,-,-,May
19,1130458619965769984,https://twitter.com/cdntourism/status/1130458619965771777,"What do you think of the #GameofThrones tv series?

Check out these 5 Canadian destinations that will have you feeling the @GameOfThrones vibes. 
https://t.co/a2yr4oWJET #ExploreCanada #Tourism https://t.co/xYXFfVgVDw",2019-05-20 13:01 +0000,1955,26,0.0132992327365728,4,0,6,0,8,1,0,0,0,0,0,0,0,7,7,-,-,-,-,-,-,-,-,-,-,-,-,-,-,-,-,-,-,May
20,1130141285799609984,https://twitter.com/cdntourism/status/1130141285799616518,#DYK that 99% of #tourism businesses are #SMEs? They are also the backbone of Canadaâ€™s tourism sector &amp; create good middle class jobs in ðŸ‡¨ðŸ‡¦. #ExploreCanada #cdntourismjobs,2019-05-19 16:00 +0000,1862,24,0.0128893662728249,8,0,11,2,0,2,1,0,0,0,0,0,0,0,0,-,-,-,-,-,-,-,-,-,-,-,-,-,-,-,-,-,-,May
21,1130080807417180032,https://twitter.com/cdntourism/status/1130080807417188352,"#Canadaâ€™s #tourism sector is poised for growth, having brought in a record number of international visitors over the past 2 years. Tourism now represents 2% of ðŸ‡¨ðŸ‡¦â€™s GDP. Where can we go from here? #ExploreCanada #cdntourismjobs",2019-05-19 12:00 +0000,5688,49,0.00861462728551336,8,0,18,6,0,1,16,0,0,0,0,0,0,0,0,-,-,-,-,-,-,-,-,-,-,-,-,-,-,-,-,-,-,May
22,1129408880809789952,https://twitter.com/cdntourism/status/1129408880809795584,#Yourbudget2019 highlighted inclusiveness as being extremely important in the #tourism sector. Check out ðŸ‡¨ðŸ‡¦â€™s largest #LGBT film festival in #Toronto next week and show your support. https://t.co/iSoY0Ys7A3 #ExploreCanada https://t.co/MtVWSrUGwU,2019-05-17 15:30 +0000,1143,9,0.00787401574803149,2,0,3,1,1,0,1,0,0,0,0,0,0,1,1,-,-,-,-,-,-,-,-,-,-,-,-,-,-,-,-,-,-,May
23,1129046497172039936,https://twitter.com/cdntourism/status/1129046497172049923,"Hidden in a virtually untouched corner of ðŸ‡¨ðŸ‡¦â€™s #NWT, Kasba Lake Lodge provides #tourists with the finest #flyfishing experience. https://t.co/601hzdh5pZ @DestinationCAN #ExploreCanada #Tourism https://t.co/bf9iq1dpFg",2019-05-16 15:30 +0000,2212,44,0.0198915009041591,4,0,11,6,5,2,2,1,0,0,0,0,0,13,13,-,-,-,-,-,-,-,-,-,-,-,-,-,-,-,-,-,-,May
24,1128684078864240000,https://twitter.com/cdntourism/status/1128684078864244737,"Eat like royalty at #Albertaâ€™s @FairmontSprings. Enjoy luxurious food &amp; beverages as local guides share stories of the building, built in the style of a Scottish castle. https://t.co/gIQeTw3ZWq @DestinationCAN #ExploreCanada #Tourism https://t.co/wtXCYG4CgD",2019-05-15 15:30 +0000,3331,33,0.00990693485439808,6,0,12,3,3,0,2,0,0,0,0,0,0,7,7,-,-,-,-,-,-,-,-,-,-,-,-,-,-,-,-,-,-,May
25,1128344648085379968,https://twitter.com/cdntourism/status/1128344648085381121,Ever think that time is moving too quickly? Visit the Historic Village of Val-Jalbert and experience life in 1920s Quebec through various guided tours. https://t.co/vybcunASGh @DestinationCAN #ExploreCanada #Tourism https://t.co/k3SeXjscYy,2019-05-14 17:01 +0000,2372,39,0.016441821247892,3,0,11,4,4,0,1,0,0,0,0,0,0,16,16,-,-,-,-,-,-,-,-,-,-,-,-,-,-,-,-,-,-,May
26,1128299434280909952,https://twitter.com/cdntourism/status/1128299434280914950,Weâ€™re excited to share that our partner @DestinationCAN has added 3 new travel experiences to its Canadian Signature Experiences collection. Follow our feed this week to learn more. https://t.co/B5ILVKn053 #ExploreCanada #Tourism,2019-05-14 14:02 +0000,2500,35,0.014,5,0,10,1,16,1,2,0,0,0,0,0,0,0,0,-,-,-,-,-,-,-,-,-,-,-,-,-,-,-,-,-,-,May
27,1127959290629840000,https://twitter.com/cdntourism/status/1127959290629840897,"Explore the ins and outs of #Halifax at this yearâ€™s Attractions Week. This nine-day celebration is the perfect reason to plan a trip to the #EastCoast. https://t.co/CF2X5bj5fA @HalifaxCitadel #ExploreCanada #Tourism

ðŸ“·: @hfxnovascotia https://t.co/LlPqgwazro",2019-05-13 15:30 +0000,1350,19,0.014074074074074,3,0,3,2,6,0,1,0,0,0,0,0,0,4,4,-,-,-,-,-,-,-,-,-,-,-,-,-,-,-,-,-,-,May
28,1126959932283190016,https://twitter.com/cdntourism/status/1126959932283195392,Challenge accepted Minister Sajjan @NationalDefence! Now I pass it to you Minister Duncan @CDNScience. Tell us why #GenderEqualityMatters. https://t.co/l1ybe0KIxH,2019-05-10 21:19 +0000,1032,28,0.0271317829457364,2,0,4,5,2,0,9,0,0,0,0,0,0,6,6,-,-,-,-,-,-,-,-,-,-,-,-,-,-,-,-,-,-,May
29,1126917359451680000,https://twitter.com/cdntourism/status/1126917359451680770,"Get your summer plans on track with an @VIA_Rail ðŸš‰ Youth Summer Pass! Embark on a once-in-a-lifetime adventure and travel across ðŸ‡¨ðŸ‡¦. https://t.co/KZ6vOpbsvK
#ExploreCanada #Tourism https://t.co/yzwzRB1m6a",2019-05-10 18:30 +0000,987,17,0.0172239108409321,1,0,4,2,4,1,4,0,0,0,0,0,0,1,1,-,-,-,-,-,-,-,-,-,-,-,-,-,-,-,-,-,-,May
30,1126872173702979968,https://twitter.com/cdntourism/status/1126872173702983685,"The wait is finally over! Brighten up your day by taking in the stunning, colourful #tulips ðŸŒ· at the #CdnTulipfest in #Ottcity. https://t.co/ntsKII28pp @CdnTulipfest #ExploreCanada #Tourism #MyOttawa 

ðŸ“·: @Ottawa_Tourism https://t.co/9Zx4Hx8YP9",2019-05-10 15:30 +0000,1317,36,0.0273348519362186,3,0,13,1,3,0,1,0,0,0,0,0,0,15,15,-,-,-,-,-,-,-,-,-,-,-,-,-,-,-,-,-,-,May
31,1126509758125459968,https://twitter.com/cdntourism/status/1126509758125469696,"Come celebrate the first ðŸ¦ž catch of the season in #Charlottetown. Enjoy some #EastCoast lobster, paired with wine, music and dancing, at the #PEI #SettingDay Culinary Festival. https://t.co/KrOT3hUylr #ExploreCanada #CulinaryTourism https://t.co/8U9WyRPrOy",2019-05-09 15:30 +0000,1360,16,0.0117647058823529,4,0,7,2,2,0,1,0,0,0,0,0,0,0,0,-,-,-,-,-,-,-,-,-,-,-,-,-,-,-,-,-,-,May
32,1126147368578160000,https://twitter.com/cdntourism/status/1126147368578162690,"Reflections: In 2018, the Canadian #tourism sector directly accounted for $42.4B of our countryâ€™s #GDP. ðŸ‘ for hard-working Canadians in the #tourism industry. https://t.co/Z9mjQzoMxH #ExploreCanada https://t.co/0TMcAezBa7",2019-05-08 15:30 +0000,1667,26,0.0155968806238752,4,0,8,1,0,0,5,0,0,0,0,0,0,8,8,-,-,-,-,-,-,-,-,-,-,-,-,-,-,-,-,-,-,May
33,1125784938027020032,https://twitter.com/cdntourism/status/1125784938027024384,#TravelTuesday: Get the inside scoop on #VancouverIsland straight from the source. Get a localâ€™s perspective and learn about #mustsee destinations and hidden gems. https://t.co/UdkaXAtQoY @TourismVI #ExploreCanada #Tourism https://t.co/yAR5eN2LSb,2019-05-07 15:30 +0000,904,14,0.0154867256637168,2,0,2,0,2,1,2,0,0,0,0,0,0,5,5,-,-,-,-,-,-,-,-,-,-,-,-,-,-,-,-,-,-,May
34,1125422543312220032,https://twitter.com/cdntourism/status/1125422543312228358,"Whoâ€™s excited for #CMW2019? Show your support for Canadian artists and enjoy a music-filled week in #Toronto. https://t.co/mdhFvyBYnc @CMW_Week 

#ExploreCanada #Tourism",2019-05-06 15:30 +0000,851,6,0.00705052878965922,2,0,1,1,0,0,2,0,0,0,0,0,0,0,0,-,-,-,-,-,-,-,-,-,-,-,-,-,-,-,-,-,-,May
35,1123973052159719936,https://twitter.com/cdntourism/status/1123973052159725569,Be amazed at this yearâ€™s Festival de magie de #QuÃ©bec: 4 days of magic and 70+ free activities in the streets of the Quartier Petit Champlain. https://t.co/nYb0NnIkqI #ExploreCanada #Tourism https://t.co/CqtMBkMyOF,2019-05-02 15:30 +0000,1061,5,0.00471253534401508,1,0,1,1,0,0,2,0,0,0,0,0,0,105,0,-,-,-,-,-,-,-,-,-,-,-,-,-,-,-,-,-,-,May
36,1123648608249760000,https://twitter.com/cdntourism/status/1123648608249761792,"Stop and smell the #tulips ðŸŒ· at #BCâ€™s largest tulip festival: the #ChilliwackTulipFest. Now in its 13th year, the festival welcomes nearly 30,000 tourists per season. https://t.co/nhvnXHS9vW @ValleyTulips #ExploreCanada #Tourism https://t.co/ccEtnKeqah",2019-05-01 18:01 +0000,1153,36,0.03122289679098,5,1,11,5,2,0,3,0,0,0,0,0,0,9,9,-,-,-,-,-,-,-,-,-,-,-,-,-,-,-,-,-,-,May
37,1123588150213920000,https://twitter.com/cdntourism/status/1123588150213926912,"Itâ€™s #GolfDay! Grab your clubs &amp; celebrate this sport as itâ€™s a significant economic driver of #tourism in ðŸ‡¨ðŸ‡¦. According to @GolfCanada, golf generates over $14.3B and accounts for 300K jobs. https://t.co/ECq88BrtPR #ExploreCanada https://t.co/6yGjlqdJfu",2019-05-01 14:01 +0000,3140,40,0.0127388535031847,5,0,13,4,1,0,10,0,0,0,0,0,0,430,7,-,-,-,-,-,-,-,-,-,-,-,-,-,-,-,-,-,-,May
